-- phpMyAdmin SQL Dump
-- version phpStudy 2014
-- http://www.phpmyadmin.net
--
-- ä¸»æœº: localhost
-- ç”Ÿæˆæ—¥æœŸ: 2017 å¹?01 æœ?16 æ—?16:40
-- æœåŠ¡å™¨ç‰ˆæœ¬: 5.5.53
-- PHP ç‰ˆæœ¬: 5.6.27

SET SQL_MODE="NO_AUTO_VALUE_ON_ZERO";
SET time_zone = "+00:00";


/*!40101 SET @OLD_CHARACTER_SET_CLIENT=@@CHARACTER_SET_CLIENT */;
/*!40101 SET @OLD_CHARACTER_SET_RESULTS=@@CHARACTER_SET_RESULTS */;
/*!40101 SET @OLD_COLLATION_CONNECTION=@@COLLATION_CONNECTION */;
/*!40101 SET NAMES utf8 */;

--
-- æ•°æ®åº“: `zsyj`
--

-- --------------------------------------------------------

--
-- è¡¨çš„ç»“æ„ `zsyj_article`
--

CREATE TABLE IF NOT EXISTS `zsyj_article` (
  `id` varchar(32) NOT NULL COMMENT 'æ–‡ç« Idï¼Œç”±å‡½æ•°è‡ªåŠ¨ç”Ÿæˆ',
  `editorId` varchar(32) DEFAULT NULL COMMENT 'ç¼–è¾‘äººId',
  `title` varchar(128) DEFAULT NULL COMMENT 'æ–‡ç« åç§°',
  `author` varchar(32) DEFAULT NULL COMMENT 'æ–‡ç« ä½œè€…',
  `publish_date` datetime DEFAULT NULL COMMENT 'æ–‡ç« å‘å¸ƒæ—¥æœŸ',
  `clicks` bigint(20) DEFAULT NULL COMMENT 'æ–‡ç« ç‚¹å‡»é‡',
  `content` text COMMENT 'æ–‡ç« å†…å®¹',
  `attachUrls` varchar(1024) DEFAULT NULL COMMENT 'é™„ä»¶url',
  `articleType` varchar(32) DEFAULT NULL COMMENT 'æ–‡ç« ç±»å‹',
  `articleState` varchar(32) DEFAULT NULL COMMENT 'æ–‡ç« çŠ¶æ€',
  `source` varchar(128) DEFAULT NULL COMMENT 'æ–‡ç« æ¥æº',
  `isTop` char(32) DEFAULT NULL COMMENT 'æ˜¯å¦ç½®é¡¶',
  `attachNames` varchar(1024) DEFAULT NULL,
  PRIMARY KEY (`id`),
  KEY `FK_article_user` (`editorId`)
) ENGINE=MyISAM DEFAULT CHARSET=utf8 COMMENT='æ–‡ç« è¡¨';

--
-- è½¬å­˜è¡¨ä¸­çš„æ•°æ® `zsyj_article`
--

INSERT INTO `zsyj_article` (`id`, `editorId`, `title`, `author`, `publish_date`, `clicks`, `content`, `attachUrls`, `articleType`, `articleState`, `source`, `isTop`, `attachNames`) VALUES
('zsyj56f91b6b3a9a81zsyj82400581', NULL, 'æ­¦æ±‰å·¥å•†å­¦é™¢æ–°é€šçŸ¥', 'åˆ˜ç¿˜', '2016-03-28 11:53:00', NULL, '', '', '1', '1', 'å®˜ç½‘', '1', ''),
('zsyj56fd28db279206zsyj08600704', NULL, '1', '1', NULL, NULL, '', '', '0', '1', '1', '0', ''),
('zsyj56fd294b4286c2zsyj73479880', NULL, '1', '1', NULL, NULL, '', '', '0', '1', '1', '0', ''),
('zsyj56fd2812561525zsyj35811666', NULL, '11', '11', NULL, NULL, '', '', '0', '1', '1', '1', ''),
('zsyj56fd288e9c6bf4zsyj93485634', NULL, '1', '1', NULL, NULL, '', '', '0', '1', '1', '1', ''),
('zsyj56f91a3d9c32d7zsyj83139111', NULL, 'æ­¦æ±‰å·¥å•†å­¦é™¢æ–°å…¬å‘Š', 'æŸ³ç‘¶', '2016-03-28 11:48:00', NULL, '<p>\n	æ¸…æ˜æ”¾10å¤©å‡</p>\n', '', '1', '1', 'æŸç½‘ç«™', '1', ''),
('zsyj56f90893364672zsyj51469345', NULL, 'çƒ­çƒˆç¥è´ºæˆ‘æ ¡å­¦å­è·å¾—ç”µå­å•†åŠ¡ä¸‰åˆ›å¤§èµ›ç‰¹ç­‰å¥–', 'å¼ é‡‘é¾™', '2016-03-31 00:00:00', 1000, '<h1 style="color: red; text-align: center;">\n	<strong>çƒ­çƒˆç¥è´ºæˆ‘æ ¡å­¦å­æç½—å¥¥è·å¾—ç”µå­å•†åŠ¡ä¸‰åˆ›å¤§èµ›ç‰¹ç‚¹</strong></h1>\n<h1 style="color: red;">\n	<span style="font-size:16px;"><strong>&nbsp; &nbsp; &nbsp; ç»è¿‡æ¿€çƒˆçš„æ ¡èµ›ï¼Œçœèµ›é€‰æ‹”ï¼Œæˆ‘æ ¡å­¦å­æç½—å¥¥åŒå­¦ç»ˆäºçªç ´é‡é‡å…³å¡ï¼Œå‹‡å¤ºç¬¬å…­å±Šç”µå­å•†åŠ¡&ldquo;åˆ›æ–°ã€åˆ›æ„ã€åˆ›ä¸š&rdquo;ç¬¬ä¸€åï¼Œè¢«è…¾è®¯ã€é˜¿é‡Œå·´å·´ã€ç™¾åº¦ç­‰çŸ¥åäº’è”ç½‘ä¼ä¸šä»¥100ä¸‡å¹´è–ªè˜è¯·</strong></span></h1>\n<h1 style="color: red;">\n	<strong style="font-size: 16px; color: rgb(34, 34, 34);">&nbsp; &nbsp; æç½—å¥¥å¯å®¤å®¤å‹è¡¨ç¤ºå¼ºçƒˆçš„æŠ—è®®ï¼</strong></h1>\n', '', '0', '1', 'æ­¦æ±‰å·¥å•†å­¦é™¢', '0', ''),
('zsyj56f91b9b39cf02zsyj51731505', NULL, 'æ–°é—»', 'æŸä½œè€…', '2016-03-28 11:54:00', NULL, '', '', '0', '1', '1111', '1', ''),
('zsyj56f934f5c9aa89zsyj70807716', NULL, 'ä¸€ç¯‡æ–‡ç« ', 'ä¸€ä¸ªä½œè€…', '2016-03-28 13:42:00', NULL, '<p>\n	æ­£æ–‡</p>\n', 'upload/doc/2016032821431468.doc', '2', '1', 'ä¸€ä¸ªæ¥æº', '1', 'Key to Unit1 å¯¼å­¦æ¡ˆ'),
('zsyj56fd298232b122zsyj48552617', NULL, '11', '11', NULL, NULL, '', '', '0', '1', '11', '0', ''),
('zsyj56fd2a299c0eb9zsyj43879481', NULL, 'å¯¹å¯¹å¯¹', 'å¯¹å¯¹å¯¹', NULL, NULL, '', '', '0', '1', 'å¼Ÿå¼Ÿ', '0', ''),
('zsyj56fd2a680d2154zsyj29783556', NULL, 'å¯¹å¯¹å¯¹', 'å¯¹å¯¹å¯¹', NULL, NULL, '', '', '0', '1', 'å¼Ÿå¼Ÿ', '0', ''),
('zsyj56fd2be119f6b2zsyj87521200', NULL, '111', '111', NULL, NULL, '<p>\n	1111</p>\n', '', '0', '1', '111', '0', ''),
('zsyj56fd2c6c3ba4f2zsyj14215342', NULL, '1', '1', NULL, NULL, '', '', '0', '1', '1', '1', ''),
('zsyj571872f939df79zsyj05472391', NULL, 'æŸé£æŠ•å…¬å¸å°†å¯¹ç´«è–¯åŸæµ†å…¬å¸è¿›è¡ŒAè½®èèµ„', 'ç´«è–¯åŸæµ†', '2016-04-21 14:25:00', NULL, '<p class="news_2" style="margin: 5px 0px; padding: 0px; font-size: medium; font-family: å®‹ä½“; font-weight: 600; color: rgb(0, 0, 0); float: left; line-height: 1.5;">\n	æ®ç›¸å…³æ¶ˆæ¯æ˜¾ç¤ºï¼ŒæŸé£æŠ•å…¬å¸å·²ç»ç¡®è®¤å°†å¯¹ç´«è–¯åŸæµ†å…¬å¸è¿›è¡ŒAè½®èèµ„ã€‚</p>\n<p style="margin: 5px 0px; padding: 0px; font-size: medium; font-family: å®‹ä½“; font-weight: 600; color: rgb(0, 0, 0); float: left; line-height: 1.5;">\n	èèµ„é¢å°†è¾¾åˆ°1000ä¸‡äººæ°‘å¸&hellip;&hellip;</p>\n', '', '8', '1', 'ç”µå•†æ–°é—»', '0', ''),
('zsyj56ff3e873b0c09zsyj08909475', NULL, 'TPæ¡†æ¶çš„ç”¨æˆ·æƒé™æ§åˆ¶', 'æç½—å¥¥', '2016-04-02 11:37:00', NULL, '<h1>\n	<span style="color:#ff8c00;"><strong>å“ˆå“ˆå“ˆå“ˆå“ˆå“ˆå“ˆå“ˆå“ˆå“ˆå“ˆå“ˆå“ˆå“ˆå“ˆå“ˆå“ˆå“ˆå“ˆå“ˆå“ˆå“ˆå“ˆå“ˆ</strong></span></h1>\n', 'upload/doc/2016040211363035.docx', '1', '1', 'ç½‘ç»œ', '1', 'æç½—å¥¥');

-- --------------------------------------------------------

--
-- è¡¨çš„ç»“æ„ `zsyj_backendmenu`
--

CREATE TABLE IF NOT EXISTS `zsyj_backendmenu` (
  `id` varchar(32) NOT NULL COMMENT 'èœå•è¡¨ID',
  `menuName` varchar(16) DEFAULT NULL COMMENT 'èœå•åç§°',
  `menuUrl` varchar(64) DEFAULT NULL,
  `state` char(32) DEFAULT NULL,
  `orderBy` int(11) DEFAULT NULL COMMENT 'èœå•ç¼–ç 001000åé¢ä¸‰ä¸ªé›¶è¡¨ç¤ºä¸€çº§èœå•001001è¡¨ç¤ºè¯¥çº§èœå•ä¸‹çš„äºŒçº§ èœå•',
  `uplevelMenu` varchar(32) DEFAULT NULL,
  `menuLevel` varchar(4) DEFAULT NULL,
  PRIMARY KEY (`id`)
) ENGINE=MyISAM DEFAULT CHARSET=utf8 COMMENT='èœå•è¡¨';

--
-- è½¬å­˜è¡¨ä¸­çš„æ•°æ® `zsyj_backendmenu`
--

INSERT INTO `zsyj_backendmenu` (`id`, `menuName`, `menuUrl`, `state`, `orderBy`, `uplevelMenu`, `menuLevel`) VALUES
('m1e2n3u4113', 'ç³»ç»Ÿç®¡ç†', '', '1', 1, '', '1'),
('zsyj56f77c4f846846zsyj72130122', 'å‰å°ç®¡ç†', '', '1', 0, NULL, '1'),
('zsyj56f6739225fa82zsyj80104703', 'ä¼ä¸šé€šçŸ¥', '', '1', 1, 'zsyj56efdf4f156a04zsyj10887485', '2'),
('12121322323', 'èœå•ç®¡ç†', '', '1', 3, 'm1e2n3u4113', '2'),
('zsyj56f67449c0a472zsyj46330864', 'é€šçŸ¥åˆ—è¡¨', 'index.php?r=inform/list', '1', 0, 'zsyj56f6739225fa82zsyj80104703', '3'),
('zsyj56ee792c1a87c1zsyj14184681', 'ç”¨æˆ·ç®¡ç†', '', '1', 2, NULL, '1'),
('5178f4e19db54299bda33d10ad621605', 'ä¹¦ç›®ç®¡ç†', '/admin/book/book_list.jsp', '1', 1, '1fb2f41ff7db4011a90067e8ef1eb601', '3'),
('53453453453', 'èœå•ç®¡ç†', 'index.php?r=backend-menu/list', '1', 1, '12121322323', '3'),
('zsyj56fa2629031da4zsyj72052553', 'åŸææ–™æ¶ˆè€—', 'index.php?r=material-cost/list', '1', 1, 'zsyj56efe6572508d5zsyj61081734', '3'),
('8ebc14009b004809af6ca78f99c02460', 'å­—å…¸ç®¡ç†', 'index.php?r=dict/list', '1', 1, '32cbf32300a748e7be1531efa7a99c5e', '3'),
('c0afaa3ac1aa48538fe0414fd4840cfd', 'åŸºç¡€æ•°æ®ç®¡ç†', '/admin/webContent/webContent_list.jsp', '1', 0, '977884d3d35d4c398ba0eda2bcc13a3c', '3'),
('df66d028a25d4bb7b63482bfaa4f169c', 'æ–‡ç« ç®¡ç†', '/admin/article/article_list.jsp', '1', 0, 'b3c6d9606ed24584bd9cf9be19f100c5', '3'),
('1fb2f41ff7db4011a90067e8ef1eb601', 'ä¹¦ç›®ç®¡ç†', '', '1', 1, '4d8f467181a543319c59c1e91ec5d8fe', '2'),
('32cbf32300a748e7be1531efa7a99c5e', 'å­—å…¸ç®¡ç†', '', '1', 1, 'm1e2n3u4113', '2'),
('zsyj56fa230ab5e903zsyj92280218', 'åº“å­˜è¯¦æƒ…', 'index.php?r=material-cost/inventory', '1', 2, 'zsyj56efe6572508d5zsyj61081734', '3'),
('977884d3d35d4c398ba0eda2bcc13a3c', 'åŸºç¡€æ•°æ®ç®¡ç†', '', '1', 3, '4d8f467181a543319c59c1e91ec5d8fe', '2'),
('b3c6d9606ed24584bd9cf9be19f100c5', 'æ–‡ç« ç®¡ç†', '', '1', 0, '4d8f467181a543319c59c1e91ec5d8fe', '2'),
('zsyj56ee7a7cc118d1zsyj32072693', 'ç®¡ç†ç”¨æˆ·', '', '1', 0, 'zsyj56ee792c1a87c1zsyj14184681', '2'),
('zsyj56ee7a9c77cf29zsyj98949860', 'åå°ç”¨æˆ·', 'index.php?r=user/list', '1', 0, 'zsyj56ee7a7cc118d1zsyj32072693', '3'),
('zsyj56efdf4f156a04zsyj10887485', 'ç»„ç»‡ç®¡ç†', '', '1', 3, NULL, '1'),
('zsyj56efdf67d3f219zsyj93451621', 'éƒ¨é—¨ç®¡ç†', '', '1', 0, 'zsyj56efdf4f156a04zsyj10887485', '2'),
('zsyj56efdf793fc040zsyj54721445', 'ç®¡ç†éƒ¨é—¨', 'index.php?r=department/list', '1', 0, 'zsyj56efdf67d3f219zsyj93451621', '3'),
('zsyj56efe49f5a59a6zsyj34467234', 'åº“å­˜ç®¡ç†', '', '1', 4, NULL, '1'),
('zsyj56efe6572508d5zsyj61081734', 'åŸææ–™ç®¡ç†', '', '1', 0, 'zsyj56efe49f5a59a6zsyj34467234', '2'),
('zsyj56efe6748a3ba1zsyj26304182', 'æ·»åŠ åŸææ–™', 'index.php?r=material/list', '1', 0, 'zsyj56efe6572508d5zsyj61081734', '3'),
('zsyj56efe625a79c38zsyj64274235', 'è§’è‰²ç®¡ç†', '', '1', 0, 'm1e2n3u4113', '2'),
('zsyj56efe64db26ad7zsyj86164003', 'è§’è‰²ç®¡ç†', 'index.php?r=role/list', '1', 0, 'zsyj56efe625a79c38zsyj64274235', '3'),
('zsyj56f77c822a89c9zsyj20293471', 'äº§å“ç®¡ç†', '', '1', 1, 'zsyj56f77c4f846846zsyj72130122', '2'),
('zsyj56f77cb5b14a97zsyj15908714', 'äº§å“ç®¡ç†', 'index.php?r=product/list', '1', 0, 'zsyj56f77c822a89c9zsyj20293471', '3'),
('zsyj56f7ce8b4b2bc1zsyj28942224', 'æ–‡ç« ç®¡ç†', '', '1', 2, 'zsyj56f77c4f846846zsyj72130122', '2'),
('zsyj56f7ce9a402642zsyj51823144', 'æ–‡ç« ç®¡ç†', 'index.php?r=article/list', '1', 0, 'zsyj56f7ce8b4b2bc1zsyj28942224', '3'),
('zsyj56f7cff2e016f4zsyj23442352', 'è®¢å•ç®¡ç†', '', '1', 5, NULL, '1'),
('zsyj56f7d064c06558zsyj00180289', 'ç®¡ç†è®¢å•', '', '1', 0, 'zsyj56f7cff2e016f4zsyj23442352', '2'),
('zsyj56f7d0956adc27zsyj93195142', 'è®¢å•åˆ—è¡¨', 'index.php?r=user-order/list', '1', 0, 'zsyj56f7d064c06558zsyj00180289', '3'),
('zsyj56ff5462351211zsyj62360399', 'æ ç›®ç®¡ç†', '', '0', 0, 'zsyj56f77c4f846846zsyj72130122', '2'),
('zsyj56ff546d2e0107zsyj56394901', 'æ ç›®ç®¡ç†', 'index.php?r=column/list', '0', 0, 'zsyj56ff5462351211zsyj62360399', '3'),
('zsyj5701e4c02dfc96zsyj34311460', 'å‘å¸–ç®¡ç†', '', '1', 3, 'zsyj56f77c4f846846zsyj72130122', '2'),
('zsyj5701e4ccc01db6zsyj90900737', 'ç®¡ç†å¸–å­', 'index.php?r=message/list', '1', 4, 'zsyj5701e4c02dfc96zsyj34311460', '3'),
('zsyj57020cf5d38b28zsyj24719994', 'ç•™è¨€ç®¡ç†', '', '1', 4, 'zsyj56f77c4f846846zsyj72130122', '2'),
('zsyj57020d15e45959zsyj69055545', 'æŸ¥çœ‹ç•™è¨€', 'index.php?r=contact/list', '1', 5, 'zsyj57020cf5d38b28zsyj24719994', '3'),
('zsyj570717302a2e48zsyj33830687', 'å‰å°ç”¨æˆ·', '', '1', 0, 'zsyj56ee792c1a87c1zsyj14184681', '2'),
('zsyj5707178e669434zsyj05067312', 'ä¸€èˆ¬ç”¨æˆ·', 'index.php?r=frontuser/list', '1', 0, 'zsyj570717302a2e48zsyj33830687', '3'),
('zsyj57077323cddbc9zsyj04915782', 'äººæ‰æ‹›è˜', '', '1', 5, 'zsyj56f77c4f846846zsyj72130122', '2'),
('zsyj5707735c515a90zsyj24327483', 'äººæ‰æ‹›è˜', 'index.php?r=recruitment/list', '1', 0, 'zsyj57077323cddbc9zsyj04915782', '3'),
('zsyj57086b1873f5d5zsyj72716274', 'å‘å¸ƒé€šçŸ¥', 'index.php?r=inform/add', '1', 2, 'zsyj56f6739225fa82zsyj80104703', '3'),
('zsyj5708b7a7e79768zsyj02811623', 'ä¼ä¸šç”¨æˆ·', 'index.php?r=companyuser/list', '1', 0, 'zsyj570717302a2e48zsyj33830687', '3'),
('zsyj57138be1f0e7a5zsyj73756031', 'åŒºåŸŸç®¡ç†', '', '1', 2, 'zsyj56f7cff2e016f4zsyj23442352', '2'),
('zsyj57138bf4d6b8d2zsyj39799352', 'åˆ†é…è´Ÿè´£äºº', 'index.php?r=order-charge/list', '1', 0, 'zsyj57138be1f0e7a5zsyj73756031', '3');

-- --------------------------------------------------------

--
-- è¡¨çš„ç»“æ„ `zsyj_contact`
--

CREATE TABLE IF NOT EXISTS `zsyj_contact` (
  `id` varchar(32) NOT NULL COMMENT 'è”ç³»id  è‡ªåŠ¨ç”Ÿæˆ',
  `username` varchar(32) DEFAULT NULL,
  `mobilephone` varchar(16) DEFAULT NULL COMMENT 'ç”µè¯',
  `content` text COMMENT 'ç•™è¨€å†…å®¹',
  `createDateTime` datetime DEFAULT NULL COMMENT 'ç•™è¨€æ—¶é—´',
  PRIMARY KEY (`id`)
) ENGINE=MyISAM DEFAULT CHARSET=utf8;

--
-- è½¬å­˜è¡¨ä¸­çš„æ•°æ® `zsyj_contact`
--

INSERT INTO `zsyj_contact` (`id`, `username`, `mobilephone`, `content`, `createDateTime`) VALUES
('zsyj570f7f29504da7zsyj16073953', 'æŸ³ç‘¶', '15527931998', 'éœ€æ±‚å¾ˆå¤šï¼Œå†™ä¸ä¸‹æ€ä¹ˆåŠ', '2016-04-14 19:29:45'),
('zsyj571a062ebbc039zsyj53302938', '', '', '', '2016-04-22 19:08:30'),
('zsyj571a06650d75c1zsyj38267721', '', '', '', '2016-04-22 19:09:25'),
('zsyj571a07f83aa410zsyj66748640', '', '', '', '2016-04-22 19:16:08'),
('zsyj571a0810de1248zsyj03346706', '', '', '', '2016-04-22 19:16:33'),
('zsyj571a08978c3629zsyj58204076', 's', 's', '', '2016-04-22 19:18:47'),
('zsyj571a135e65d4f4zsyj96479111', '', '', '', '2016-04-22 20:04:46'),
('zsyj571a13847b5c12zsyj78517579', '', '', '', '2016-04-22 20:05:24'),
('zsyj571a1aeacc02f3zsyj38254928', '', '', '', '2016-04-22 20:36:59'),
('zsyj571a1aefc40631zsyj77840262', '', '', '', '2016-04-22 20:37:03'),
('zsyj571a1b0e66b3a4zsyj92083035', '11', '11111111111', '11', '2016-04-22 20:37:34'),
('zsyj571a1b2daa46f4zsyj64452096', '', '', '', '2016-04-22 20:38:05'),
('zsyj571a1b48ca2674zsyj75869946', '', '', '', '2016-04-22 20:38:32'),
('zsyj571a1b74c90e31zsyj71016335', '', '', '', '2016-04-22 20:39:16'),
('zsyj571a1ba27ebe14zsyj15745178', '', '', '', '2016-04-22 20:40:02'),
('zsyj571a1bed7a6b29zsyj45084792', '', '', '', '2016-04-22 20:41:17'),
('zsyj571a1c159f99a0zsyj45735553', '', '', '', '2016-04-22 20:41:57'),
('zsyj571a1c4f2328b9zsyj55326160', '', '', '', '2016-04-22 20:42:55'),
('zsyj571a1d486e2c69zsyj06641458', '', '', '', '2016-04-22 20:47:04'),
('zsyj571a1f9c64ead4zsyj41262099', '', '', '', '2016-04-22 20:57:00'),
('zsyj571a1fcce48c52zsyj19132020', '', '', '', '2016-04-22 20:57:49'),
('zsyj571a1fcf423a22zsyj78371917', '', '', '', '2016-04-22 20:57:51'),
('zsyj571a205032f015zsyj37346219', '', '', '', '2016-04-22 21:00:00'),
('zsyj571a213bdac796zsyj81304148', '', '', '', '2016-04-22 21:03:56'),
('zsyj571a21b7bf74f4zsyj65324460', '', '', '', '2016-04-22 21:05:59'),
('zsyj571a21ce970120zsyj83719558', '', '', '', '2016-04-22 21:06:22'),
('zsyj571a21d40841f7zsyj57743281', '', '', '', '2016-04-22 21:06:28'),
('zsyj571a21e09d1d80zsyj97142459', '', '', '', '2016-04-22 21:06:40'),
('zsyj571a2214194403zsyj75738353', '', '', '', '2016-04-22 21:07:32'),
('zsyj571a222bc34632zsyj57168359', '', '', '', '2016-04-22 21:07:55'),
('zsyj571a2d43b24a67zsyj71018922', '', '', '', '2016-04-22 21:55:16'),
('zsyj571a2d4a33ea90zsyj49700020', '', '', '', '2016-04-22 21:55:22'),
('zsyj571a2db3853891zsyj46394104', '', '', '', '2016-04-22 21:57:07'),
('zsyj571a2db6771a21zsyj50101994', '', '', '', '2016-04-22 21:57:10'),
('zsyj571a3056df37e3zsyj44509238', 'ww', '11111111111', '11', '2016-04-22 22:08:24'),
('zsyj571a342e0c17e4zsyj33351673', '1111', '', '', '2016-04-22 22:24:46'),
('zsyj571a3433c5b884zsyj48893717', '11111', '', '', '2016-04-22 22:24:51'),
('zsyj571a3454dca4d4zsyj39309195', 'www', '11111111111', '', '2016-04-22 22:25:24'),
('zsyj571a345c436d24zsyj66666273', '11', '11111111111', '', '2016-04-22 22:25:32'),
('zsyj571a34bf4c60b0zsyj59106122', 'qq', '11111111111', '', '2016-04-22 22:27:11'),
('zsyj571a37043f7e79zsyj72573079', '11', '11111111111', '', '2016-04-22 22:36:52'),
('zsyj571a3754430d82zsyj40040827', '11', '11111111111', '11', '2016-04-22 22:38:12'),
('zsyj571dd4470f3085zsyj96028272', 'qq', '12312312311', '1233', '2016-04-25 16:24:39');

-- --------------------------------------------------------

--
-- è¡¨çš„ç»“æ„ `zsyj_department`
--

CREATE TABLE IF NOT EXISTS `zsyj_department` (
  `id` varchar(32) NOT NULL COMMENT 'éƒ¨é—¨è¡¨Id',
  `departmentName` varchar(32) DEFAULT NULL COMMENT 'éƒ¨é—¨åç§°',
  `departmentDiscri` varchar(512) DEFAULT NULL COMMENT 'éƒ¨é—¨æè¿°',
  `parentId` varchar(32) DEFAULT NULL COMMENT 'çˆ¶çº§Id',
  `departmentLevel` varchar(4) DEFAULT NULL COMMENT 'éƒ¨é—¨çº§åˆ«',
  PRIMARY KEY (`id`)
) ENGINE=MyISAM DEFAULT CHARSET=utf8 COMMENT='éƒ¨é—¨è¡¨';

--
-- è½¬å­˜è¡¨ä¸­çš„æ•°æ® `zsyj_department`
--

INSERT INTO `zsyj_department` (`id`, `departmentName`, `departmentDiscri`, `parentId`, `departmentLevel`) VALUES
('zsyj570637931740e0zsyj99721518', 'ç§‘ç ”éƒ¨', '1', '', '0'),
('zsyj5706180734b523zsyj32715678', 'å¸‚åœºéƒ¨', '1', '', '0'),
('zsyj56ff3bf461b2d1zsyj97161727', 'æŠ€æœ¯éƒ¨', '', '', '0');

-- --------------------------------------------------------

--
-- è¡¨çš„ç»“æ„ `zsyj_dict`
--

CREATE TABLE IF NOT EXISTS `zsyj_dict` (
  `dictCode` varchar(32) NOT NULL COMMENT 'å­—å…¸æ ‡è¯†ï¼ŒIDç”±ç³»ç»Ÿç®¡ç†å‘˜æ·»åŠ ï¼Œæ·»åŠ æ—¶æ³¨æ„æŸ¥é‡ï¼Œé‡‡å–è‹±æ–‡å‘½åï¼Œå¹¶æ³¨æ„å‘½åæ—¶å«å…¶æ„',
  `dictName` varchar(32) DEFAULT NULL COMMENT 'å­—å…¸é¡¹ä¸­æ–‡åç§°',
  `state` char(32) DEFAULT NULL,
  `intro` varchar(64) DEFAULT NULL COMMENT 'å­—å…¸é¡¹æè¿°ï¼Œå…·ä½“æ˜¯ä»€ä¹ˆå­—å…¸ï¼Œä»¥åŠç¼–ç è§„åˆ™',
  PRIMARY KEY (`dictCode`)
) ENGINE=MyISAM DEFAULT CHARSET=utf8 COMMENT='å­—å…¸è¡¨';

--
-- è½¬å­˜è¡¨ä¸­çš„æ•°æ® `zsyj_dict`
--

INSERT INTO `zsyj_dict` (`dictCode`, `dictName`, `state`, `intro`) VALUES
('DICT_ITEMLEVEL', 'è¯•é¢˜éš¾åº¦ç³»æ•°', '1', '1ï¼Œ1ï¼›2,2'),
('DICT_ITEMSHAPE', 'é¢˜å‹', '1', '1 å•é€‰ 2 å¤šé€‰ 3 åˆ¤æ–­'),
('DICT_LEVEL', 'è€ƒè¯•çº§åˆ«å­—å…¸', '1', '000åŠ©ç†ç”µå­å•†åŠ¡å¸ˆã€001ç”µå­å•†åŠ¡å¸ˆ'),
('DICT_MANAGE_EXAM', 'å®‰æ’è€ƒè¯•', '1', '0 å¯ä»¥å®‰æ’è€ƒè¯•ï¼›1 ä¸èƒ½å®‰æ’è€ƒè¯•'),
('DICT_NATION', 'æ°‘æ—', '1', ''),
('DICT_SCORE_STATE', 'æ˜¯å¦æ‰¹æ”¹', '1', '0 å¾…æ‰¹æ”¹ 1 æ‰¹æ”¹'),
('DICT_SEX', 'æ€§åˆ«', '1', '0è¡¨ç¤ºç”·ï¼›1è¡¨ç¤ºå¥³'),
('DICT_STATE', 'çŠ¶æ€', '1', '0 ç¦ç”¨ 1 å¯ç”¨'),
('DICT_USERLEVEL', 'ç®¡ç†å‘˜çº§åˆ«', '1', '0è¡¨ç¤ºè¶…çº§ç®¡ç†å‘˜ï¼Œ1è¡¨ç¤ºåœ°æ–¹ç®¡ç†å‘˜'),
('DICT_USERSTATE', 'ç”¨æˆ·çŠ¶æ€å­—å…¸', '1', '0è¡¨ç¤ºæŠ¥åï¼ˆæœªäº¤è´¹ï¼‰ï¼Œ1è¡¨ç¤ºå®¡æ ¸é€šè¿‡ï¼ˆå·²äº¤è´¹ï¼‰'),
('DICT_WEBUSER_ROLE', 'è€ƒç”ŸæŸ¥è¯¢è¯•å·æƒé™', '1', '0 å¯æŸ¥è¯¢ç­”æ¡ˆ 1 å¯æŸ¥è¯¢åˆ†æ•° 2 å¯æŸ¥è¯¢ç­”æ¡ˆå’Œåˆ†æ•°'),
('DICT_MATERIALNAME', 'åŸææ–™åç§°', '1', '0è¡¨ç¤ºé¸¡è›‹ï¼›1è¡¨ç¤ºé¢ç²‰ï¼›2è¡¨ç¤ºç‰ç±³'),
('DICT_MATERIALUNIT', 'åŸææ–™å•ä½', '1', '0è¡¨ç¤ºå…‹ï¼›1è¡¨ç¤ºåƒå…‹ï¼›2è¡¨ç¤ºå¨'),
('DICT_MATERIALTYPE', 'åŸææ–™ç±»å‹', '1', '0è¡¨ç¤ºæ™¶ä½“ï¼›1è¡¨ç¤ºéæ™¶ä½“'),
('DICT_DEPLEVEL', 'éƒ¨é—¨çº§åˆ«', '1', '0è¡¨ç¤º1çº§ï¼Œ1è¡¨ç¤º2çº§'),
('DICT_MENU_LEVEL', 'èœå•çº§åˆ«', '1', '1è¡¨ç¤ºä¸€çº§èœå•\n2è¡¨ç¤ºäºŒçº§èœå•\n3è¡¨ç¤ºä¸‰çº§èœå•'),
('DICT_PRODUCTUNIT', 'äº§å“å•ä½', '1', ''),
('DICT_PRODUCTSTATE', 'äº§å“ä¸Šæ¶çŠ¶æ€', '1', ''),
('DICT_INFORM_TYPE', 'é€šçŸ¥ç±»åˆ«', '1', '1è¡¨ç¤ºé€šçŸ¥ï¼›2è¡¨ç¤ºæ–°é—»ï¼›3è¡¨ç¤ºå…¬å‘Š'),
('DICT_IS_TOP', 'æ˜¯å¦ç½®é¡¶', '1', '0è¡¨ç¤ºç½®é¡¶ï¼›1è¡¨ç¤ºå¦'),
('DICT_PRODUCTTYPE', 'äº§å“åŒ…è£…ç±»å‹', '1', ''),
('DICT_ARTICLE_TYPE', 'æ–‡ç« ç±»å‹', '1', '0æ˜¯ç®€ä»‹ï¼Œ1æ˜¯ä¸“åˆ©ï¼Œ2æ˜¯ä¸“è‘—ï¼Œ3æ˜¯è®ºæ–‡ï¼Œ4æ˜¯ç§‘ç ”è®¾å¤‡ï¼Œ5æ˜¯ç ”ç©¶é¡¹ç›®ï¼Œ6æ˜¯åº”ç”¨é¢†åŸŸï¼Œ7æ˜¯æ–¹å¼'),
('DICT_ORDERSTATE', 'è®¢å•çŠ¶æ€', '1', '0è¡¨ç¤ºæœªæ¥å•ï¼›1è¡¨ç¤ºå·²æ¥å•|æœªå‘è´§ï¼›2è¡¨ç¤ºå·²å‘è´§ï¼›3è¡¨ç¤ºå·²ç­¾æ”¶'),
('DICT_ORDERTYPE', 'è®¢å•ç±»å‹', '1', '0è¡¨ç¤ºä¼ä¸šï¼›1è¡¨ç¤ºä¸ªäºº'),
('DICT_PRODUCTLIST', 'äº§å“ä¸Šæ¶', '1', 'äº§å“ä¸Šæ¶'),
('DICT_ISINDEX', 'äº§å“å›¾ç‰‡é¦–é¡µå±•ç¤º', '1', 'äº§å“æ˜¯å¦åœ¨é¦–é¡µå±•ç¤º'),
('DICT_MEMBER', 'ç­‰çº§', '1', 'ç”¨æˆ·ç­‰çº§');

-- --------------------------------------------------------

--
-- è¡¨çš„ç»“æ„ `zsyj_dictitem`
--

CREATE TABLE IF NOT EXISTS `zsyj_dictitem` (
  `id` varchar(32) NOT NULL DEFAULT '',
  `dictCode` varchar(32) DEFAULT NULL COMMENT 'å¤–é”®ï¼Œå…³è”dictè¡¨ID',
  `dictItemCode` varchar(32) DEFAULT NULL,
  `dictItemName` varchar(32) DEFAULT NULL,
  `orderBy` int(11) DEFAULT NULL,
  `state` char(32) DEFAULT NULL,
  PRIMARY KEY (`id`)
) ENGINE=MyISAM DEFAULT CHARSET=utf8 COMMENT='å­—å…¸é¡¹è¡¨';

--
-- è½¬å­˜è¡¨ä¸­çš„æ•°æ® `zsyj_dictitem`
--

INSERT INTO `zsyj_dictitem` (`id`, `dictCode`, `dictItemCode`, `dictItemName`, `orderBy`, `state`) VALUES
('zsyj56ee78c0317005.57538099', 'DICT_STATE', '0', 'ç¦ç”¨', 0, '1'),
('zsyj56ee78c035d513.92216094', 'DICT_STATE', '1', 'å¯ç”¨', 1, '1'),
('zsyj56ee78f94e1130.48073359', 'DICT_SEX', '0', 'ç”·', 0, '1'),
('zsyj56ee78f9527646.22992030', 'DICT_SEX', '1', 'å¥³', 1, '1'),
('zsyj56efed86ab8db9zsyj52760000', 'DICT_MATERIALNAME', '0', 'é¸¡è›‹', 0, '1'),
('zsyj56efed86b551e6zsyj94872746', 'DICT_MATERIALNAME', '1', 'é¢ç²‰', 1, '1'),
('zsyj56eff427180022zsyj08949627', 'DICT_MATERIALNAME', '2', 'ç‰ç±³', 2, '1'),
('zsyj56eff4e8c65627zsyj88389696', 'DICT_MATERIALUNIT', '0', 'å…‹', 0, '1'),
('zsyj56eff4e8d058d4zsyj28376344', 'DICT_MATERIALUNIT', '1', 'åƒå…‹', 1, '1'),
('zsyj56eff4e8d4fc68zsyj00807096', 'DICT_MATERIALUNIT', '2', 'å¨', 2, '1'),
('zsyj56eff6a7c9e4a0zsyj44439086', 'DICT_MATERIALTYPE', '0', 'æ™¶ä½“', 0, '1'),
('zsyj56eff6a7dbf5e7zsyj32383277', 'DICT_MATERIALTYPE', '1', 'éæ™¶ä½“', 1, '1'),
('zsyj56f0b8c814db74zsyj50362198', 'DICT_DEPLEVEL', '0', 'ä¸€çº§éƒ¨é—¨', 0, '1'),
('zsyj56f0b8c8204872zsyj37326859', 'DICT_DEPLEVEL', '1', 'äºŒçº§éƒ¨é—¨', 1, '1'),
('zsyj56f66eea9062e0zsyj38208351', 'DICT_MENU_LEVEL', '3', 'ä¸‰çº§èœå•', 2, '1'),
('zsyj56f66eea8f2a62zsyj05764206', 'DICT_MENU_LEVEL', '2', 'äºŒçº§èœå•', 1, '1'),
('zsyj56f66eea898cd1zsyj31107126', 'DICT_MENU_LEVEL', '1', 'ä¸€çº§èœå•', 0, '1'),
('zsyj56f782d5b0f858zsyj68482142', 'DICT_PRODUCTUNIT', '1', 'ç®±', 0, '1'),
('zsyj56f782d5b6d462zsyj49128707', 'DICT_PRODUCTUNIT', '2', 'è¢‹', 1, '1'),
('zsyj56f78647151086zsyj88322703', 'DICT_PRODUCTSTATE', '0', 'å·²ä¸Šæ¶', 0, '1'),
('zsyj56f786471a3111zsyj77519286', 'DICT_PRODUCTSTATE', '1', 'æœªä¸Šæ¶', 1, '1'),
('zsyj56f789d299cb17zsyj90931102', 'DICT_INFORM_TYPE', '1', 'é€šçŸ¥', 0, '1'),
('zsyj56f789d2a6bbc3zsyj27275791', 'DICT_INFORM_TYPE', '2', 'æ–°é—»', 1, '1'),
('zsyj56f789d2a8ee45zsyj72401145', 'DICT_INFORM_TYPE', '3', 'å…¬å‘Š', 2, '1'),
('zsyj56f78f871f9c07zsyj76094936', 'DICT_IS_TOP', '0', 'æ˜¯', 0, '1'),
('zsyj56f78f8727e924zsyj18286346', 'DICT_IS_TOP', '1', 'å¦', 1, '1'),
('zsyj56f7cc1ca675c8zsyj06016488', 'DICT_PRODUCTTYPE', '0', 'ç›’è£…', 0, '1'),
('zsyj56f7cc1cb55a75zsyj85625841', 'DICT_PRODUCTTYPE', '1', 'è¢‹è£…', 1, '1'),
('zsyj56f7cc1cb65483zsyj36738024', 'DICT_PRODUCTTYPE', '2', 'ç“¶è£…', 2, '1'),
('zsyj56f7d99365e967zsyj13659813', 'DICT_ARTICLE_TYPE', '0', 'ç®€ä»‹', 0, '1'),
('zsyj56f7d99370a796zsyj54067115', 'DICT_ARTICLE_TYPE', '1', 'ä¸“åˆ©', 1, '1'),
('zsyj56f7d9937589a2zsyj10316973', 'DICT_ARTICLE_TYPE', '2', 'ä¸“è‘—', 2, '1'),
('zsyj57073204134d28zsyj41056093', 'DICT_ARTICLE_TYPE', '3', 'ç§‘ç ”è®¾å¤‡', 3, '1'),
('zsyj5707320417b239zsyj42987143', 'DICT_ARTICLE_TYPE', '4', 'ç ”ç©¶é¡¹ç›®', 4, '1'),
('zsyj56f7e8407ee730zsyj50915263', 'DICT_ORDERTYPE', '0', 'ä¼ä¸š', 0, '1'),
('zsyj56f7e84087efd9zsyj15715037', 'DICT_ORDERTYPE', '1', 'ä¸ªäºº', 1, '1'),
('zsyj56f8f6baa0cd69zsyj90496412', 'DICT_PRODUCTLIST', '0', 'å·²ä¸Šæ¶', 0, '1'),
('zsyj56f8f6baa95905zsyj00459044', 'DICT_PRODUCTLIST', '1', 'æœªä¸Šæ¶', 1, '1'),
('zsyj56f94b3de0bf38zsyj95261423', 'DICT_MATERIALNAME', '3', 'ç´«è–¯', 2, '1'),
('zsyj570732041c55c4zsyj81580584', 'DICT_ARTICLE_TYPE', '5', 'åº”ç”¨é¢†åŸŸ', 5, '1'),
('zsyj57073204217657zsyj09839440', 'DICT_ARTICLE_TYPE', '6', 'åˆ†ç¦»æ–¹å¼', 6, '1'),
('zsyj570746690577b4zsyj37493354', 'DICT_MEMBER', '0', 'æ™®é€šç”¨æˆ·', 0, '1'),
('zsyj570746690a9843zsyj51461907', 'DICT_MEMBER', '1', 'å¤§ä¼—ä¼šå‘˜', 1, '1'),
('zsyj570746690b53c5zsyj58273923', 'DICT_MEMBER', '2', 'é’»çŸ³ä¼šå‘˜', 2, '1'),
('zsyj57175eaa8884e0zsyj47598026', 'DICT_ARTICLE_TYPE', '7', 'è®ºæ–‡', 7, '1'),
('zsyj57106c162e7878zsyj70009112', 'DICT_PRODUCTUNIT', '3', 'ç“¶', 2, '1'),
('zsyj56f94bd54e5fc1zsyj51201624', 'DICT_MATERIALNAME', '4', 'é…±èœ', 2, '1'),
('zsyj56f9519e05ecb9zsyj38904155', 'DICT_MATERIALNAME', '5', 'æœ¨ç“œ', 2, '1'),
('zsyj56f9520fe07506zsyj94643914', 'DICT_MATERIALNAME', '6', 'ç‰›å¥¶', 2, '1'),
('zsyj56fd2921055a85zsyj85490068', 'DICT_ORDERSTATE', '0', 'æœªæ¥å•', 0, '1'),
('zsyj56fd29210bf213zsyj36997048', 'DICT_ORDERSTATE', '1', 'å·²æ¥å•|æœªå‘è´§', 1, '1'),
('zsyj56fd2921134530zsyj34425559', 'DICT_ORDERSTATE', '2', 'å·²å‘è´§', 2, '1'),
('zsyj56fd292117e8c4zsyj91099837', 'DICT_ORDERSTATE', '3', 'å·²ç­¾æ”¶', 3, '1'),
('zsyj570701576ddf44zsyj90012361', 'DICT_ISINDEX', '0', 'å±•ç¤º', 0, '1'),
('zsyj57070157757d42zsyj58469363', 'DICT_ISINDEX', '1', 'ä¸å±•ç¤º', 1, '1');

-- --------------------------------------------------------

--
-- è¡¨çš„ç»“æ„ `zsyj_evaluation`
--

CREATE TABLE IF NOT EXISTS `zsyj_evaluation` (
  `id` varchar(32) NOT NULL COMMENT 'è¯„ä»·è¡¨id',
  `productId` varchar(32) DEFAULT NULL COMMENT 'å¯¹åº”çš„äº§å“id',
  `userId` varchar(32) DEFAULT NULL COMMENT 'å¯¹åº”çš„è¯„è®ºäººid',
  `starNum` varchar(32) DEFAULT NULL COMMENT 'è¯„ä»·å‡ é¢—æ˜Ÿï¼Œä»æ•°æ®å­—å…¸ä¸­è¯»å–',
  `content` text COMMENT 'è¯„è®ºçš„å†…å®¹',
  `evaluatedateTime` datetime DEFAULT NULL COMMENT 'è¯„è®ºçš„æ—¶é—´',
  PRIMARY KEY (`id`),
  KEY `FK_evaluation_product` (`productId`),
  KEY `FK_evaluation_user` (`userId`)
) ENGINE=MyISAM DEFAULT CHARSET=utf8 COMMENT='äº§å“è¯„ä»·è¡¨';

-- --------------------------------------------------------

--
-- è¡¨çš„ç»“æ„ `zsyj_inform`
--

CREATE TABLE IF NOT EXISTS `zsyj_inform` (
  `id` varchar(32) NOT NULL COMMENT 'ä¼ä¸šå†…å®¹é€šçŸ¥è¡¨id',
  `title` varchar(128) DEFAULT NULL COMMENT 'é€šçŸ¥æ ‡é¢˜',
  `senderId` varchar(32) DEFAULT NULL COMMENT 'å‘é€è€…',
  `sender` varchar(32) DEFAULT NULL COMMENT 'å‘é€è€…çœŸå®å§“å',
  `senderDateTime` datetime DEFAULT NULL COMMENT 'ä¿¡æ¯æ¨é€æ—¶é—´',
  `content` text COMMENT 'æ¶ˆæ¯å†…å®¹',
  `click` int(11) DEFAULT NULL COMMENT 'æ¶ˆæ¯ç‚¹å‡»é‡',
  `isTop` varchar(32) DEFAULT NULL COMMENT 'æ¶ˆæ¯çŠ¶æ€ï¼Œä»å­—å…¸ä¸­è¯»å–',
  `attachUrls` varchar(1024) DEFAULT NULL COMMENT 'é™„ä»¶é“¾æ¥',
  `informType` varchar(32) DEFAULT NULL COMMENT 'æ¶ˆæ¯ç±»å‹',
  `attachNames` varchar(1024) DEFAULT NULL,
  PRIMARY KEY (`id`),
  KEY `FK_inform_user` (`senderId`)
) ENGINE=MyISAM DEFAULT CHARSET=utf8 COMMENT='ä¼ä¸šå†…å®¹é€šçŸ¥ã€æ–°é—»ã€å…¬å‘Š';

--
-- è½¬å­˜è¡¨ä¸­çš„æ•°æ® `zsyj_inform`
--

INSERT INTO `zsyj_inform` (`id`, `title`, `senderId`, `sender`, `senderDateTime`, `content`, `click`, `isTop`, `attachUrls`, `informType`, `attachNames`) VALUES
('zsyj56fbadedef3922zsyj93017365', 'æ–°é€šçŸ¥', 'zsyj56efb44f3e3f25zsyj99652025', 'å¾æ–¹å‡¯', '2016-03-23 10:41:00', '<p>\n	<strong><span style="font-family:arial,helvetica,sans-serif;"><span style="font-family:tahoma,geneva,sans-serif;"><span style="font-family:times new roman,times,serif;"><span style="font-size:18px;"><span style="background-color:#ff0000;">è¿™æ˜¯ä¸€ç¯‡æ–°çš„é€šçŸ¥</span></span></span></span></span></strong></p>\n', 1, '1', '', '1', ''),
('zsyj56fd0f0c4abbc5zsyj17130458', '4æœˆ1æ—¥ä¸è®¸è€äºº', 'zsyj56efb44f3e3f25zsyj99652025', 'å¾æ–¹å‡¯', '2016-04-02 11:49:00', '<p>\n	è°è€äººè°æ˜¯ç‹å…«è›‹</p>\n', 100, '0', '', '3', ''),
('zsyj56fd3014402b86zsyj05233738', '11', 'zsyj56efb44f3e3f25zsyj99652025', 'å¾æ–¹å‡¯', '2016-03-17 14:11:00', '', NULL, '1', '', '2', ''),
('zsyj57077d142dddd8zsyj82212935', 'å‘˜å·¥åŠ¨å‘˜å¤§ä¼š', 'zsyj56efb44f3e3f25zsyj99652025', 'å¾æ–¹å‡¯', '2016-04-08 09:42:00', '<p>\n	ä»Šå¤©æ™šä¸Š7ç‚¹</p>\n', NULL, '1', '', '1', '');

-- --------------------------------------------------------

--
-- è¡¨çš„ç»“æ„ `zsyj_material`
--

CREATE TABLE IF NOT EXISTS `zsyj_material` (
  `id` varchar(32) NOT NULL COMMENT 'åŸææ–™é‡‡è´­è¡¨id',
  `materialname` varchar(32) DEFAULT NULL COMMENT 'åŸææ–™åç§°ï¼Œä»æ•°æ®å­—å…¸ä¸­è¯»å–',
  `materialprice` float DEFAULT NULL COMMENT 'åŸææ–™é‡‡è´­ä»·æ ¼',
  `materialdiscri` varchar(512) DEFAULT NULL COMMENT 'åŸææ–™æè¿°',
  `materialunit` varchar(32) DEFAULT NULL COMMENT 'åŸææ–™å•ä½ï¼Œä»æ•°æ®å­—å…¸ä¸­è¯»å–',
  `materialnum` float DEFAULT NULL COMMENT 'åŸææ–™æ•°é‡',
  `materialtype` varchar(32) DEFAULT NULL COMMENT 'åŸææ–™ç§ç±»ï¼Œä»æ•°æ®å­—å…¸ä¸­è¯»å–',
  `purchasedatetime` datetime DEFAULT NULL COMMENT 'åŸææ–™é‡‡è´­æ—¶é—´',
  PRIMARY KEY (`id`)
) ENGINE=MyISAM DEFAULT CHARSET=utf8 COMMENT='åŸææ–™è¡¨';

--
-- è½¬å­˜è¡¨ä¸­çš„æ•°æ® `zsyj_material`
--

INSERT INTO `zsyj_material` (`id`, `materialname`, `materialprice`, `materialdiscri`, `materialunit`, `materialnum`, `materialtype`, `purchasedatetime`) VALUES
('zsyj56fe417a9c8ce5zsyj77060705', '4', 1.8, 'å¥½é…±èœ', '2', 15, '1', '2016-04-22 09:37:00'),
('zsyj56fe41973dbc24zsyj42289673', '1', 10, 'ä¸€è¢‹ä¸€è¢‹çš„', '', 190, '1', '2016-07-14 09:38:00'),
('zsyj56fe41b0e7c580zsyj30319530', '6', 15, 'å¤§ç“¶çš„', '', 100, '0', '2016-01-05 09:38:00'),
('zsyj56fd1cddb6a964zsyj97213777', '1', 1212, 'qazwsx', '0', 12, '1', '2016-04-04 12:49:00'),
('zsyj56fe4160cf75b7zsyj26465946', '0', 1, 'å¥½é¸¡è›‹', '1', 12, '0', '2016-04-29 09:37:00');

-- --------------------------------------------------------

--
-- è¡¨çš„ç»“æ„ `zsyj_materialcost`
--

CREATE TABLE IF NOT EXISTS `zsyj_materialcost` (
  `id` varchar(32) NOT NULL COMMENT 'åŸææ–™æ¶ˆè€—è¡¨id',
  `materialId` varchar(32) DEFAULT NULL COMMENT 'åŸææ–™id',
  `materialName` varchar(32) DEFAULT NULL COMMENT 'åŸææ–™åç§°',
  `costNum` float DEFAULT NULL COMMENT 'åŸææ–™æ¶ˆè€—é‡',
  `materialUnit` varchar(32) DEFAULT NULL COMMENT 'åŸææ–™å•ä½ï¼Œä»æ•°æ®å­—å…¸ä¸­è¯»å–',
  PRIMARY KEY (`id`),
  KEY `FK_materialCost_material` (`materialId`)
) ENGINE=MyISAM DEFAULT CHARSET=utf8 COMMENT='åŸææ–™æ¶ˆè€—è¡¨';

--
-- è½¬å­˜è¡¨ä¸­çš„æ•°æ® `zsyj_materialcost`
--

INSERT INTO `zsyj_materialcost` (`id`, `materialId`, `materialName`, `costNum`, `materialUnit`) VALUES
('zsyj56fa7883a9d470zsyj25510367', 'zsyj56f7bda677f5a5zsyj42489381', '1', 1, '0'),
('zsyj56fb9d20e6ed73zsyj70809380', 'zsyj56fb9a91628504zsyj23992231', '3', 1, '0');

-- --------------------------------------------------------

--
-- è¡¨çš„ç»“æ„ `zsyj_materialinventory`
--

CREATE TABLE IF NOT EXISTS `zsyj_materialinventory` (
  `id` varchar(32) NOT NULL COMMENT 'åŸææ–™åº“å­˜è¡¨id',
  `materialId` varchar(32) DEFAULT NULL COMMENT 'åŸææ–™id',
  `materialName` varchar(32) DEFAULT NULL COMMENT 'åŸææ–™åç§°',
  `inventory` float DEFAULT NULL COMMENT 'åŸææ–™åº“å­˜',
  `materialUnit` varchar(32) DEFAULT NULL COMMENT 'åŸææ–™å•ä½ï¼Œä»å­—å…¸è¡¨è·å–',
  PRIMARY KEY (`id`),
  KEY `FK_materialInventory_material` (`materialId`)
) ENGINE=MyISAM DEFAULT CHARSET=utf8 COMMENT='åŸææ–™åº“å­˜è¡¨';

--
-- è½¬å­˜è¡¨ä¸­çš„æ•°æ® `zsyj_materialinventory`
--

INSERT INTO `zsyj_materialinventory` (`id`, `materialId`, `materialName`, `inventory`, `materialUnit`) VALUES
('zsyj56fb9a918d7d17zsyj10831874', 'zsyj56fb9a91628504zsyj23992231', '3', 0, '0');

-- --------------------------------------------------------

--
-- è¡¨çš„ç»“æ„ `zsyj_message`
--

CREATE TABLE IF NOT EXISTS `zsyj_message` (
  `id` varchar(32) NOT NULL COMMENT 'ä¸»è´´id',
  `userId` varchar(32) DEFAULT NULL COMMENT 'ç•™è¨€äººId',
  `username` varchar(64) DEFAULT NULL COMMENT 'å‘å¸–äººç”¨æˆ·å',
  `content` text COMMENT 'å‘å¸–å†…å®¹',
  `createDateTime` datetime DEFAULT NULL COMMENT 'å‘å¸–æ—¶é—´',
  PRIMARY KEY (`id`)
) ENGINE=MyISAM DEFAULT CHARSET=utf8 COMMENT='ç•™è¨€è¡¨';

--
-- è½¬å­˜è¡¨ä¸­çš„æ•°æ® `zsyj_message`
--

INSERT INTO `zsyj_message` (`id`, `userId`, `username`, `content`, `createDateTime`) VALUES
('11111111111', NULL, 'æºªå¯‚', 'hello world', '2016-04-04 13:55:27'),
('zsyj5704c7ae840d01zsyj64563199', NULL, 'æ—é’¢', 'this is a good web', '2016-04-06 16:24:14'),
('zsyj57050d6c5dc4d6zsyj56647240', NULL, 'æŸ³ç‘¶', '<script>\n$("body").html(''æŸ³ç‘¶åˆ°æ­¤ä¸€æ¸¸ï¼'');\n\n</script>', '2016-04-06 21:21:48'),
('zsyj5705deffbf2025zsyj67476783', NULL, 'æ—é’¢', 'æˆ‘ä¸é’¢', '2016-04-07 12:15:59'),
('zsyj5705deffee70e6zsyj80566799', NULL, 'æ—é’¢', 'æˆ‘ä¸é’¢', '2016-04-07 12:16:00'),
('zsyj5705df073ca565zsyj20943677', NULL, 'æ—é’¢', 'æˆ‘ä¸é’¢', '2016-04-07 12:16:07'),
('zsyj5706fefe336607zsyj55373640', NULL, 'æ¸¸å®¢', 'æˆ‘æ˜¯ä¸€ä¸ªè·¯äºº', '2016-04-08 08:44:46'),
('zsyj57076a72162d52zsyj58982313', 'zsyj56efb43a0399b1zsyj99326152', 'lla', 'good job', '2016-04-08 16:23:14'),
('zsyj57076b025acae9zsyj49780463', 'zsyj5705d7bd321248zsyj52535638', '888', 'é‚“ç«‹ç”Ÿæ˜¯å¼', '2016-04-08 16:25:38'),
('zsyj57076aeac3ffc5zsyj45165774', 'zsyj5705d7bd321248zsyj52535638', '888', 'åˆ˜ç¿˜ ç‹—é€¼', '2016-04-08 16:25:14'),
('zsyj57076c0e5289d8zsyj83378471', 'zsyj57074fc010c7b3zsyj02980968', 'a', 'çˆ±ä¸å®Œ', '2016-04-08 16:30:06'),
('zsyj5708c2a79f3d63zsyj51998635', 'zsyj56efb43a0399b1zsyj99326152', 'lla', 'åˆ·æ–°', '2016-04-09 16:51:51'),
('zsyj5708c1fd8d7bf2zsyj86748474', 'zsyj56efb43a0399b1zsyj99326152', 'lla', 'æµ‹è¯•', '2016-04-09 16:49:01'),
('zsyj571386ef3d3b94zsyj74302895', 'zsyj57074fc010c7b3zsyj02980968', 'a', 'hello', '2016-04-17 20:51:59'),
('zsyj571386e83bea09zsyj06007653', 'zsyj57074fc010c7b3zsyj02980968', 'a', 'hello', '2016-04-17 20:51:52'),
('zsyj571386e1d2f2b9zsyj70114157', 'zsyj57074fc010c7b3zsyj02980968', 'a', 'hello', '2016-04-17 20:51:45'),
('zsyj5708afe35c51f5zsyj61688938', NULL, 'lz', 'è¯¶', '2016-04-09 15:31:47'),
('zsyj57079cbd3b3147zsyj77276162', '', 'æ¸¸å®¢', '', '2016-04-08 19:57:49'),
('zsyj5713874feecdb9zsyj51827675', 'zsyj57074fc010c7b3zsyj02980968', 'a', 'hello', '2016-04-17 20:53:36'),
('zsyj571387555d13d8zsyj28750666', 'zsyj57074fc010c7b3zsyj02980968', 'a', 'hello', '2016-04-17 20:53:41');

-- --------------------------------------------------------

--
-- è¡¨çš„ç»“æ„ `zsyj_ordercharge`
--

CREATE TABLE IF NOT EXISTS `zsyj_ordercharge` (
  `id` varchar(32) NOT NULL COMMENT 'åŒºåŸŸè´Ÿè´£äººè¡¨id',
  `userId` varchar(32) DEFAULT NULL COMMENT 'ç”¨æˆ·id',
  `areaAddress` varchar(16) DEFAULT NULL COMMENT 'åŒºåŸŸä»£ç ï¼Œä»æ•°æ®å­—å…¸ä¸­è¯»å–',
  `areaName` varchar(32) DEFAULT NULL COMMENT 'åŒºåŸŸå',
  PRIMARY KEY (`id`),
  KEY `FK_orderCharge_user` (`userId`)
) ENGINE=MyISAM DEFAULT CHARSET=utf8 COMMENT='è®¢å•è´Ÿè´£äººåˆ¶å®šè¡¨';

--
-- è½¬å­˜è¡¨ä¸­çš„æ•°æ® `zsyj_ordercharge`
--

INSERT INTO `zsyj_ordercharge` (`id`, `userId`, `areaAddress`, `areaName`) VALUES
('zsyj571e048ea74db1zsyj91622336', 'zsyj56efb44f3e3f25zsyj99652025', '110000', 'åŒ—äº¬'),
('zsyj571e048eac6e50zsyj01312892', 'zsyj56efb44f3e3f25zsyj99652025', '530000', 'äº‘å—çœ'),
('zsyj571e048ea26ba2zsyj26731652', 'zsyj56efb44f3e3f25zsyj99652025', '520000', 'è´µå·çœ'),
('zsyj571e048e9dc817zsyj00185278', 'zsyj56efb44f3e3f25zsyj99652025', '620000', 'ç”˜è‚ƒçœ'),
('zsyj571e048e98a780zsyj76990063', 'zsyj56efb44f3e3f25zsyj99652025', '430000', 'æ¹–å—çœ'),
('zsyj571e048e920fe4zsyj91500674', 'zsyj56efb44f3e3f25zsyj99652025', '500000', 'é‡åº†'),
('zsyj571e048e8cef57zsyj57607924', 'zsyj56efb44f3e3f25zsyj99652025', '210000', 'è¾½å®çœ'),
('zsyj571e048e880d48zsyj63867052', 'zsyj56efb44f3e3f25zsyj99652025', '810000', 'é¦™æ¸¯ç‰¹åˆ«'),
('zsyj571e048e83a830zsyj20409565', 'zsyj56efb44f3e3f25zsyj99652025', '130000', 'æ²³åŒ—çœ'),
('zsyj571e048e7e4921zsyj73898191', 'zsyj56efb44f3e3f25zsyj99652025', '710000', 'å°æ¹¾çœ'),
('zsyj571e048e78ab93zsyj42849426', 'zsyj56efb44f3e3f25zsyj99652025', '460000', 'æµ·å—çœ'),
('zsyj571e048e7196f3zsyj16236566', 'zsyj56efb44f3e3f25zsyj99652025', '310000', 'ä¸Šæµ·'),
('zsyj571e048e6cb4e1zsyj43416186', 'zsyj56efb44f3e3f25zsyj99652025', '350000', 'ç¦å»ºçœ'),
('zsyj571e048e681154zsyj71872698', 'zsyj56efb44f3e3f25zsyj99652025', '540000', 'è¥¿è—'),
('zsyj571e048e632f43zsyj49085550', 'zsyj56efb44f3e3f25zsyj99652025', '440000', 'å¹¿ä¸œçœ'),
('zsyj571e048e5e0ea4zsyj52759804', 'zsyj56efb44f3e3f25zsyj99652025', '610000', 'é™•è¥¿çœ'),
('zsyj571e048e592c96zsyj15891042', 'zsyj56efb44f3e3f25zsyj99652025', '120000', 'å¤©æ´¥'),
('zsyj571e048e544a85zsyj87329033', 'zsyj56efb44f3e3f25zsyj99652025', '150000', 'å†…è’™å¤'),
('zsyj571e048e4fa6f1zsyj98121904', 'zsyj56efb44f3e3f25zsyj99652025', '630000', 'é’æµ·çœ'),
('zsyj571e048e4bbee2zsyj47964428', 'zsyj56efb44f3e3f25zsyj99652025', '230000', 'é»‘é¾™æ±Ÿçœ'),
('zsyj571e048e45a459zsyj86499357', 'zsyj56efb44f3e3f25zsyj99652025', '320000', 'æ±Ÿè‹çœ'),
('zsyj571e048e40c237zsyj81710093', 'zsyj56efb44f3e3f25zsyj99652025', '410000', 'æ²³å—çœ'),
('zsyj571e048e3be022zsyj91586057', 'zsyj56efb44f3e3f25zsyj99652025', '450000', 'å¹¿è¥¿å£®æ—'),
('zsyj571e048e36fe17zsyj75250697', 'zsyj56efb44f3e3f25zsyj99652025', '360000', 'æ±Ÿè¥¿çœ'),
('zsyj571e048e321c01zsyj48597923', 'zsyj56efb44f3e3f25zsyj99652025', '650000', 'ç»´å¾å°”'),
('zsyj571e048e2d7871zsyj18734167', 'zsyj56efb44f3e3f25zsyj99652025', '370000', 'å±±ä¸œçœ'),
('zsyj571e048e27dae2zsyj44801817', 'zsyj56efb44f3e3f25zsyj99652025', '420000', 'æ¹–åŒ—çœ'),
('zsyj571e048e22ba46zsyj96612121', 'zsyj56efb44f3e3f25zsyj99652025', '330000', 'æµ™æ±Ÿçœ'),
('zsyj571e048e1dd839zsyj33475954', 'zsyj56efb44f3e3f25zsyj99652025', '340000', 'å®‰å¾½çœ'),
('zsyj571e048e154c91zsyj21227285', 'zsyj56efb44f3e3f25zsyj99652025', '820000', 'æ¾³é—¨'),
('zsyj571e048eb18ee2zsyj01164099', 'zsyj56efb44f3e3f25zsyj99652025', '220000', 'å‰æ—çœ'),
('zsyj571e048eb5f3f2zsyj54121170', 'zsyj56efb44f3e3f25zsyj99652025', '140000', 'å±±è¥¿çœ'),
('zsyj571e048ebad607zsyj98571814', 'zsyj56efb44f3e3f25zsyj99652025', '510000', 'å››å·çœ'),
('zsyj571e048ebe4110zsyj53574482', 'zsyj56efb44f3e3f25zsyj99652025', '640000', 'å®å¤');

-- --------------------------------------------------------

--
-- è¡¨çš„ç»“æ„ `zsyj_product`
--

CREATE TABLE IF NOT EXISTS `zsyj_product` (
  `id` varchar(32) NOT NULL COMMENT 'äº§å“id',
  `productTitle` varchar(64) DEFAULT NULL COMMENT 'äº§å“åç§°',
  `productDiscri` varchar(512) DEFAULT NULL COMMENT 'äº§å“æè¿°',
  `productPrice` float DEFAULT NULL COMMENT 'äº§å“ä»·æ ¼',
  `productDiscount` float DEFAULT NULL COMMENT 'äº§å“æŠ˜æ‰£',
  `productUnit` varchar(32) DEFAULT NULL COMMENT 'äº§å“å•ä½ï¼Œä»æ•°æ®å­—å…¸ä¸­è¯»å–',
  `picUrl` varchar(1024) DEFAULT NULL COMMENT 'äº§å“å›¾ç‰‡ç»„å›¾',
  `thumbnailUrl` varchar(1024) DEFAULT NULL COMMENT 'äº§å“ç¼©ç•¥å›¾',
  `inventory` float DEFAULT NULL COMMENT 'äº§å“åº“å­˜',
  `productState` varchar(32) DEFAULT NULL COMMENT 'äº§å“çŠ¶æ€ï¼Œä»æ•°æ®å­—å…¸ä¸­è¯»å–',
  `productType` varchar(32) DEFAULT NULL COMMENT 'äº§å“ç±»åˆ«ï¼Œä»æ•°æ®å­—å…¸ä¸­è¯»å–',
  `isIndex` varchar(32) DEFAULT NULL COMMENT 'äº§å“å›¾ç‰‡æ˜¯å¦æ˜¾ç¤ºåœ¨é¦–é¡µ',
  `productSize` varchar(32) DEFAULT NULL COMMENT 'äº§å“è§„æ ¼',
  PRIMARY KEY (`id`)
) ENGINE=MyISAM DEFAULT CHARSET=utf8 COMMENT='äº§å“è¡¨';

--
-- è½¬å­˜è¡¨ä¸­çš„æ•°æ® `zsyj_product`
--

INSERT INTO `zsyj_product` (`id`, `productTitle`, `productDiscri`, `productPrice`, `productDiscount`, `productUnit`, `picUrl`, `thumbnailUrl`, `inventory`, `productState`, `productType`, `isIndex`, `productSize`) VALUES
('zsyj570f7f29504da7zsyj16073953', 'å†°çº¢èŒ¶', 'æ— ', 3, 1, '3', 'upload/pic/2016041912091425.jpeg', 'upload/pic/2016041912091425.jpeg;upload/pic/2016041912091425.jpeg;upload/pic/2016041912091425.jpeg;upload/pic/2016041912091425.jpeg;', 1000, '0', '2', '1', '500ml/ç“¶'),
('zsyj56fe417fd824d5zsyj99876196', 'ç´«è–¯åŸæµ†', 'æ— ', 100, 0.9, '2', 'upload/pic/2016041912091425.jpeg', 'upload/pic/2016041912091425.jpeg;upload/pic/2016041912091425.jpeg;upload/pic/2016041912091425.jpeg;upload/pic/2016041912091425.jpeg;', 100, '0', '2', '0', '1L/ç“¶'),
('zsyj5706667e62b860zsyj20208771', 'è‹¹æœé†‹', 'æ— ', 25, 0.9, '3', 'upload/pic/2016041912091425.jpeg', 'upload/pic/2016041912091425.jpeg;upload/pic/2016041912091425.jpeg;upload/pic/2016041912091425.jpeg;upload/pic/2016041912091425.jpeg;', 1000, '0', '2', '0', '250ml/ç“¶'),
('zsyj570781ce6d7121zsyj28462516', 'è‰è“æœé…±', 'æ— ', 9, 1, '3', 'upload/pic/2016041912091425.jpeg', 'upload/pic/2016041912091425.jpeg;upload/pic/2016041912091425.jpeg;upload/pic/2016041912091425.jpeg;upload/pic/2016041912091425.jpeg;', 100, '0', '2', '0', '300ml/ç“¶');

-- --------------------------------------------------------

--
-- è¡¨çš„ç»“æ„ `zsyj_productorder`
--

CREATE TABLE IF NOT EXISTS `zsyj_productorder` (
  `id` varchar(32) NOT NULL COMMENT 'è¯¦ç»†è®¢å•Idï¼Œç”±å‡½æ•°ç”Ÿæˆ',
  `orderId` varchar(32) DEFAULT NULL COMMENT 'è®¢å•ç¼–å·',
  `productId` varchar(32) DEFAULT NULL COMMENT 'äº§å“Idï¼Œå…³è”äº§å“è¡¨',
  `productName` varchar(64) DEFAULT NULL COMMENT 'äº§å“åç§°',
  `productNum` int(11) DEFAULT NULL COMMENT 'è´­ä¹°äº§å“çš„æ•°é‡',
  `productPrice` float DEFAULT NULL COMMENT 'äº§å“çš„ä»·æ ¼',
  `productDiscount` float DEFAULT NULL COMMENT 'äº§å“æŠ˜æ‰£',
  PRIMARY KEY (`id`),
  KEY `FK_detailOrder_order` (`orderId`),
  KEY `FK_detailOrder_product` (`productId`)
) ENGINE=MyISAM DEFAULT CHARSET=utf8 COMMENT='ç”¨æˆ·è®¢å•è¯¦ç»†è¡¨';

--
-- è½¬å­˜è¡¨ä¸­çš„æ•°æ® `zsyj_productorder`
--

INSERT INTO `zsyj_productorder` (`id`, `orderId`, `productId`, `productName`, `productNum`, `productPrice`, `productDiscount`) VALUES
('zsyj571df47807d908zsyj37379280', 'zsyj571df477da8a04zsyj74031034', 'zsyj570f7f29504da7zsyj16073953', NULL, 2, NULL, NULL),
('zsyj570e38282d76f7zsyj10305953', 'zsyj570e38282141c0zsyj62429091', 'zsyj5706274e763342zsyj48002786', NULL, 2, NULL, NULL),
('zsyj570e3e99b70054zsyj79966769', 'zsyj570e3e99a0c882zsyj73643866', 'zsyj56fe417fd824d5zsyj99876196', NULL, 1, NULL, NULL),
('zsyj570e3e99ae3638zsyj91581334', 'zsyj570e3e99a0c882zsyj73643866', 'zsyj5706274e763342zsyj48002786', NULL, 2, NULL, NULL),
('zsyj570e3dd5ce6381zsyj90633987', 'zsyj570e3dd5b7aeb5zsyj45130151', 'zsyj56fe417fd824d5zsyj99876196', NULL, 1, NULL, NULL),
('zsyj570e3dd5c1efd1zsyj36487450', 'zsyj570e3dd5b7aeb5zsyj45130151', 'zsyj5706274e763342zsyj48002786', NULL, NULL, NULL, NULL),
('zsyj570e48c0154951zsyj56906183', 'zsyj570e48c009cfb8zsyj92008993', 'zsyj5706274e763342zsyj48002786', NULL, 1, NULL, NULL),
('zsyj570e48c6889c87zsyj07518109', 'zsyj570e48c67c6751zsyj10103104', 'zsyj5706274e763342zsyj48002786', NULL, 1, NULL, NULL),
('zsyj570e48cc36a8c3zsyj09361958', 'zsyj570e48cc29f691zsyj25513759', 'zsyj5706274e763342zsyj48002786', NULL, 1, NULL, NULL),
('zsyj570e4b851e3604zsyj64114425', 'zsyj570e4b850e18c0zsyj99783680', 'zsyj56fe417fd824d5zsyj99876196', NULL, 1, NULL, NULL),
('zsyj570e4b852c20b5zsyj50260667', 'zsyj570e4b850e18c0zsyj99783680', 'zsyj570781ce6d7121zsyj28462516', NULL, 1, NULL, NULL),
('zsyj570f3315196078zsyj64837562', 'zsyj570f33150904b7zsyj38743912', 'zsyj56fe417fd824d5zsyj99876196', NULL, 2, NULL, NULL),
('zsyj570f3315270ca6zsyj45533879', 'zsyj570f33150904b7zsyj38743912', 'zsyj5706274e763342zsyj48002786', NULL, 2, NULL, NULL),
('zsyj570f331d7f8b89zsyj58073514', 'zsyj570f331d66a437zsyj08473885', 'zsyj56fe417fd824d5zsyj99876196', NULL, 2, NULL, NULL),
('zsyj570f331d90e145zsyj24741321', 'zsyj570f331d66a437zsyj08473885', 'zsyj5706274e763342zsyj48002786', NULL, 2, NULL, NULL),
('zsyj570f446af26083zsyj26148100', 'zsyj570f446ae669d0zsyj12080791', 'zsyj5706274e763342zsyj48002786', NULL, 1, NULL, NULL),
('zsyj570f446b0d5fb8zsyj79737043', 'zsyj570f446ae669d0zsyj12080791', 'zsyj56fe417fd824d5zsyj99876196', NULL, 1, NULL, NULL),
('zsyj570f446b156e50zsyj40438822', 'zsyj570f446ae669d0zsyj12080791', 'zsyj570781ce6d7121zsyj28462516', NULL, 1, NULL, NULL),
('zsyj570f447558b694zsyj29570092', 'zsyj570f44754acbe3zsyj14929034', 'zsyj5706274e763342zsyj48002786', NULL, 1, NULL, NULL),
('zsyj570f4475646ec9zsyj86662622', 'zsyj570f44754acbe3zsyj14929034', 'zsyj56fe417fd824d5zsyj99876196', NULL, 1, NULL, NULL),
('zsyj570f4475773b87zsyj64109191', 'zsyj570f44754acbe3zsyj14929034', 'zsyj570781ce6d7121zsyj28462516', NULL, 1, NULL, NULL),
('zsyj570f87e9770a92zsyj98778569', 'zsyj570f87e969db64zsyj07463978', 'zsyj5706274e763342zsyj48002786', NULL, 1, NULL, NULL),
('zsyj571091c406ddc3zsyj61551574', 'zsyj571091c3ef0b19zsyj88359097', 'zsyj5706274e763342zsyj48002786', NULL, 1, NULL, NULL),
('zsyj5710ad85d53cf8zsyj63637053', 'zsyj5710ad85c07c23zsyj29971837', 'zsyj5706274e763342zsyj48002786', NULL, 1, NULL, NULL),
('zsyj5710ad85f30660zsyj01405953', 'zsyj5710ad85c07c23zsyj29971837', 'zsyj5706667e62b860zsyj20208771', NULL, 1, NULL, NULL),
('zsyj5710ad860d4a12zsyj19892035', 'zsyj5710ad85c07c23zsyj29971837', 'zsyj570781ce6d7121zsyj28462516', NULL, 5, NULL, NULL),
('zsyj5710ad86551224zsyj13741001', 'zsyj5710ad86491b76zsyj64916512', 'zsyj5706274e763342zsyj48002786', NULL, 1, NULL, NULL),
('zsyj5710ad86656de5zsyj79744579', 'zsyj5710ad86491b76zsyj64916512', 'zsyj5706667e62b860zsyj20208771', NULL, 1, NULL, NULL),
('zsyj5710ad8674cf96zsyj24775998', 'zsyj5710ad86491b76zsyj64916512', 'zsyj570781ce6d7121zsyj28462516', NULL, 5, NULL, NULL),
('zsyj5710ad92be3990zsyj73121197', 'zsyj5710ad929fb4a7zsyj86687837', 'zsyj5706274e763342zsyj48002786', NULL, 1, NULL, NULL),
('zsyj5710ad92e605a0zsyj88640974', 'zsyj5710ad929fb4a7zsyj86687837', 'zsyj5706667e62b860zsyj20208771', NULL, 1, NULL, NULL),
('zsyj5710ad9303f2f6zsyj16066333', 'zsyj5710ad929fb4a7zsyj86687837', 'zsyj570781ce6d7121zsyj28462516', NULL, 5, NULL, NULL),
('zsyj5710ad98418bb0zsyj08804621', 'zsyj5710ad9835d387zsyj94708701', 'zsyj5706274e763342zsyj48002786', NULL, 1, NULL, NULL),
('zsyj5710ad984ff363zsyj30973077', 'zsyj5710ad9835d387zsyj94708701', 'zsyj5706667e62b860zsyj20208771', NULL, 1, NULL, NULL),
('zsyj5710ad9854d578zsyj17343162', 'zsyj5710ad9835d387zsyj94708701', 'zsyj570781ce6d7121zsyj28462516', NULL, 5, NULL, NULL),
('zsyj5711e6a3d53c46zsyj77951735', 'zsyj5711e6a3c98417zsyj91025235', 'zsyj56fe417fd824d5zsyj99876196', NULL, NULL, NULL, NULL),
('zsyj5711e6a6e75841zsyj76890699', 'zsyj5711e6a6da6799zsyj81649180', 'zsyj56fe417fd824d5zsyj99876196', NULL, NULL, NULL, NULL),
('zsyj5711e7515f0d80zsyj33686545', 'zsyj5711e7509a5e59zsyj16204848', 'zsyj56fe417fd824d5zsyj99876196', NULL, NULL, NULL, NULL),
('zsyj5711eba0413bc6zsyj78647839', 'zsyj5711eba034c820zsyj02457763', 'zsyj56fe417fd824d5zsyj99876196', NULL, NULL, NULL, NULL),
('zsyj5711ebdcef2d51zsyj37054037', 'zsyj5711ebdce3f227zsyj53059018', 'zsyj56fe417fd824d5zsyj99876196', NULL, NULL, NULL, NULL),
('zsyj57121066104007zsyj41931294', 'zsyj57121066011cd8zsyj37076155', 'zsyj5706274e763342zsyj48002786', NULL, 5, NULL, NULL),
('zsyj571210ab0bd7a1zsyj06212866', 'zsyj571210aab024f0zsyj95437435', 'zsyj5706667e62b860zsyj20208771', NULL, 2, NULL, NULL),
('zsyj571232eb45bdd9zsyj38942225', 'zsyj571232eb32f111zsyj17152189', 'zsyj56fe417fd824d5zsyj99876196', NULL, 5, NULL, NULL),
('zsyj571232eb4b99e2zsyj57463348', 'zsyj571232eb32f111zsyj17152189', 'zsyj5706274e763342zsyj48002786', NULL, 30, NULL, NULL),
('zsyj571242a0eb5c91zsyj82286147', 'zsyj571242a0d61ec8zsyj84283520', 'zsyj5706274e763342zsyj48002786', NULL, 2, NULL, NULL),
('zsyj571242a16c2bd7zsyj06277158', 'zsyj571242a14b7455zsyj63107531', 'zsyj5706274e763342zsyj48002786', NULL, NULL, NULL, NULL),
('zsyj5713829b953c24zsyj23067438', 'zsyj5713829b77b136zsyj44749128', 'zsyj56fe417fd824d5zsyj99876196', NULL, 1, NULL, NULL),
('zsyj5713829ba614e6zsyj45796375', 'zsyj5713829b77b136zsyj44749128', 'zsyj5706274e763342zsyj48002786', NULL, 3, NULL, NULL),
('zsyj5713846e366ea3zsyj51156753', 'zsyj5713846e274b75zsyj90030341', 'zsyj5706667e62b860zsyj20208771', NULL, 1, NULL, NULL),
('zsyj571384d80b60a7zsyj22333768', 'zsyj571384d7efe464zsyj37877560', 'zsyj56fe417fd824d5zsyj99876196', NULL, 2, NULL, NULL),
('zsyj57144c9da78cc1zsyj98815624', 'zsyj57144c9d7fc0b8zsyj61328428', 'zsyj5706274e763342zsyj48002786', NULL, 1, NULL, NULL),
('zsyj5714585cc0f093zsyj45991615', 'zsyj5714585ca88638zsyj98732033', 'zsyj5706667e62b860zsyj20208771', NULL, 1, NULL, NULL),
('zsyj5714832f5d47b5zsyj85667251', 'zsyj5714832f2ea581zsyj74889092', 'zsyj5706667e62b860zsyj20208771', NULL, 1, NULL, NULL),
('zsyj5714854b47dfe8zsyj66335101', 'zsyj5714854ae2e618zsyj12032100', '', NULL, NULL, NULL, NULL),
('zsyj5714bdf11d7373zsyj12277811', 'zsyj5714bdf0ef0b99zsyj65285577', 'zsyj5706274e763342zsyj48002786', NULL, 7, NULL, NULL),
('zsyj5714bdf1272029zsyj49091601', 'zsyj5714bdf0ef0b99zsyj65285577', 'zsyj56fe417fd824d5zsyj99876196', NULL, 20, NULL, NULL),
('zsyj5715edd644e5a2zsyj34216668', 'zsyj5715edd62659f0zsyj58694163', 'zsyj5706667e62b860zsyj20208771', NULL, 1, NULL, NULL),
('zsyj5715edd651e8c0zsyj89933230', 'zsyj5715edd62659f0zsyj58694163', 'zsyj56fe417fd824d5zsyj99876196', NULL, 1, NULL, NULL),
('zsyj5715edd65309a6zsyj93297331', 'zsyj5715edd62659f0zsyj58694163', 'zsyj570f7f29504da7zsyj16073953', NULL, 2, NULL, NULL),
('zsyj571624f70273e9zsyj19418301', 'zsyj571624f6e32cc1zsyj00885977', 'zsyj570781ce6d7121zsyj28462516', NULL, 1, NULL, NULL),
('zsyj571624f7096d50zsyj71967939', 'zsyj571624f6e32cc1zsyj00885977', 'zsyj5706667e62b860zsyj20208771', NULL, 1, NULL, NULL),
('zsyj571624f70be1a3zsyj04306917', 'zsyj571624f6e32cc1zsyj00885977', 'zsyj56fe417fd824d5zsyj99876196', NULL, 1, NULL, NULL),
('zsyj571624f70d8ce8zsyj33135216', 'zsyj571624f6e32cc1zsyj00885977', 'zsyj570f7f29504da7zsyj16073953', NULL, 3, NULL, NULL),
('zsyj5716275feb8160zsyj23890754', 'zsyj5716275fe12b77zsyj04146717', 'zsyj570f7f29504da7zsyj16073953', NULL, 1, NULL, NULL),
('zsyj5716285bd80018zsyj90340887', 'zsyj5716285babf970zsyj94699573', 'zsyj5706667e62b860zsyj20208771', NULL, 1, NULL, NULL),
('zsyj5716285bdd2342zsyj61258871', 'zsyj5716285babf970zsyj94699573', 'zsyj56fe417fd824d5zsyj99876196', NULL, 1, NULL, NULL),
('zsyj5716285bdec279zsyj62838528', 'zsyj5716285babf970zsyj94699573', 'zsyj570f7f29504da7zsyj16073953', NULL, 1, NULL, NULL),
('zsyj5716285cbc3ac5zsyj76985125', 'zsyj5716285c83f826zsyj45910304', 'zsyj5706667e62b860zsyj20208771', NULL, NULL, NULL, NULL),
('zsyj5716285cd4ae51zsyj59548241', 'zsyj5716285c83f826zsyj45910304', 'zsyj56fe417fd824d5zsyj99876196', NULL, NULL, NULL, NULL),
('zsyj5716285cdbc046zsyj15027843', 'zsyj5716285c83f826zsyj45910304', 'zsyj570f7f29504da7zsyj16073953', NULL, NULL, NULL, NULL),
('zsyj57162903a1da18zsyj01178959', 'zsyj5716290373b4e1zsyj62904646', '', NULL, NULL, NULL, NULL),
('zsyj571629edca46d0zsyj88034497', 'zsyj571629edb9e379zsyj85137370', 'zsyj570f7f29504da7zsyj16073953', NULL, 2, NULL, NULL),
('zsyj57162a7b8d2606zsyj99548196', 'zsyj57162a7b80f6e5zsyj73620156', 'zsyj570f7f29504da7zsyj16073953', NULL, 1, NULL, NULL),
('zsyj57162bbc5b1054zsyj60742539', 'zsyj57162bbc4fb310zsyj78216926', 'zsyj570f7f29504da7zsyj16073953', NULL, 2, NULL, NULL),
('zsyj57162c17a650d3zsyj37044512', 'zsyj57162c179c81f5zsyj95547884', 'zsyj570f7f29504da7zsyj16073953', NULL, 1, NULL, NULL),
('zsyj57162ccd9ea017zsyj81121781', 'zsyj57162ccd8dc752zsyj15847709', 'zsyj570f7f29504da7zsyj16073953', NULL, 3, NULL, NULL),
('zsyj57162cd3c56071zsyj96280649', 'zsyj57162cd3b310b1zsyj78390880', 'zsyj570f7f29504da7zsyj16073953', NULL, NULL, NULL, NULL),
('zsyj57162cdedd5541zsyj20088559', 'zsyj57162cdeaf3014zsyj02796296', 'zsyj570f7f29504da7zsyj16073953', NULL, NULL, NULL, NULL),
('zsyj57162dd4492ac2zsyj51954820', 'zsyj57162dd4352575zsyj85528176', '', NULL, NULL, NULL, NULL),
('zsyj57162e1e362de9zsyj64884418', 'zsyj57162e1e2d2c60zsyj51107558', 'zsyj570781ce6d7121zsyj28462516', NULL, 1, NULL, NULL),
('zsyj57162e6a22e959zsyj44848339', 'zsyj57162e6a119395zsyj30604885', '', NULL, NULL, NULL, NULL),
('zsyj571630bf41e035zsyj09261032', 'zsyj571630bf2d9c64zsyj76021871', '', NULL, NULL, NULL, NULL),
('zsyj5716314bac8d26zsyj60240079', 'zsyj5716314ba3b318zsyj87618696', 'zsyj570f7f29504da7zsyj16073953', NULL, 1, NULL, NULL),
('zsyj571631d7c9b831zsyj81159913', 'zsyj571631d7bb80e7zsyj16921895', 'zsyj570f7f29504da7zsyj16073953', NULL, 1, NULL, NULL),
('zsyj5716327461f2e9zsyj04608967', 'zsyj5716327457d2d3zsyj84177469', 'zsyj570f7f29504da7zsyj16073953', NULL, 1, NULL, NULL),
('zsyj571632b30ee8e9zsyj56720010', 'zsyj571632b2f33542zsyj45794195', 'zsyj56fe417fd824d5zsyj99876196', NULL, 1, NULL, NULL),
('zsyj571638095348e8zsyj84698812', 'zsyj57163808ea6704zsyj29390360', 'zsyj570f7f29504da7zsyj16073953', NULL, 1, NULL, NULL),
('zsyj571638095ffb11zsyj41057896', 'zsyj57163808ea6704zsyj29390360', 'zsyj5706667e62b860zsyj20208771', NULL, 1, NULL, NULL),
('zsyj57163809678ca9zsyj32545166', 'zsyj57163808ea6704zsyj29390360', 'zsyj56fe417fd824d5zsyj99876196', NULL, 3, NULL, NULL),
('zsyj571639ebba0607zsyj51763915', 'zsyj571639eba9aa58zsyj16572545', '', NULL, NULL, NULL, NULL),
('zsyj57163a4c42ccf6zsyj95467807', 'zsyj57163a4c31b5b3zsyj87622410', '', NULL, NULL, NULL, NULL),
('zsyj57173a12071c79zsyj28890176', 'zsyj57173a11e779a9zsyj07627369', 'zsyj570f7f29504da7zsyj16073953', NULL, 2, NULL, NULL),
('zsyj57173aaf46c591zsyj54400494', 'zsyj57173aaf372557zsyj61131626', 'zsyj570f7f29504da7zsyj16073953', NULL, 1, NULL, NULL),
('zsyj57173c2d953428zsyj75013786', 'zsyj57173c2d8228e2zsyj03443781', 'zsyj570f7f29504da7zsyj16073953', NULL, 2, NULL, NULL),
('zsyj57173de4d4ada4zsyj60912910', 'zsyj57173de4c31962zsyj21916919', 'zsyj570f7f29504da7zsyj16073953', NULL, 1, NULL, NULL),
('zsyj571742326b0183zsyj16406720', 'zsyj571742324e3215zsyj08873739', 'zsyj570f7f29504da7zsyj16073953', NULL, 1, NULL, NULL),
('zsyj571743056404e9zsyj64748951', 'zsyj5717430552eda1zsyj92097144', 'zsyj570f7f29504da7zsyj16073953', NULL, 1, NULL, NULL),
('zsyj5717438fa11a93zsyj87706580', 'zsyj5717438f8b2148zsyj13572684', 'zsyj570f7f29504da7zsyj16073953', NULL, 1, NULL, NULL),
('zsyj57174e47b4f074zsyj04668237', 'zsyj57174e47a0eb23zsyj95725685', 'zsyj570f7f29504da7zsyj16073953', NULL, NULL, NULL, NULL),
('zsyj57174ed3b72375zsyj48226278', 'zsyj57174ed3a83eb9zsyj86476302', 'zsyj570f7f29504da7zsyj16073953', NULL, NULL, NULL, NULL),
('zsyj57174f06de6d51zsyj18913991', 'zsyj57174f06cd1792zsyj26164356', 'zsyj570f7f29504da7zsyj16073953', NULL, NULL, NULL, NULL),
('zsyj57174f657d9a83zsyj69789575', 'zsyj57174f65662a38zsyj96297300', 'zsyj570f7f29504da7zsyj16073953', NULL, NULL, NULL, NULL),
('zsyj571779d7945f18zsyj90903643', 'zsyj571779d7840352zsyj61526370', 'zsyj56fe417fd824d5zsyj99876196', NULL, 6, NULL, NULL),
('zsyj571779d7a09441zsyj29010617', 'zsyj571779d7840352zsyj61526370', 'zsyj570f7f29504da7zsyj16073953', NULL, 1, NULL, NULL),
('zsyj57177fcc49e2c7zsyj95874546', 'zsyj57177fcc3abf95zsyj63655175', 'zsyj56fe417fd824d5zsyj99876196', NULL, NULL, NULL, NULL),
('zsyj57177fcc52eb67zsyj04401117', 'zsyj57177fcc3abf95zsyj63655175', 'zsyj570f7f29504da7zsyj16073953', NULL, NULL, NULL, NULL),
('zsyj57178012680042zsyj64923275', 'zsyj571780125206f6zsyj28280108', 'zsyj56fe417fd824d5zsyj99876196', NULL, NULL, NULL, NULL),
('zsyj5717801274b271zsyj69636002', 'zsyj571780125206f6zsyj28280108', 'zsyj570f7f29504da7zsyj16073953', NULL, NULL, NULL, NULL),
('zsyj5717805be73806zsyj45299620', 'zsyj5717805bd332b4zsyj43502930', 'zsyj56fe417fd824d5zsyj99876196', NULL, NULL, NULL, NULL),
('zsyj5717805c0081b0zsyj55023017', 'zsyj5717805bd332b4zsyj43502930', 'zsyj570f7f29504da7zsyj16073953', NULL, NULL, NULL, NULL),
('zsyj571789a3043261zsyj26096297', 'zsyj571789a2bf5644zsyj80833638', 'zsyj570f7f29504da7zsyj16073953', NULL, 11, NULL, NULL),
('zsyj571789a32edc38zsyj03787376', 'zsyj571789a3263ae4zsyj03710333', 'zsyj570f7f29504da7zsyj16073953', NULL, NULL, NULL, NULL),
('zsyj571789bdaded03zsyj37495250', 'zsyj571789bda377c3zsyj79751037', 'zsyj570f7f29504da7zsyj16073953', NULL, 2, NULL, NULL),
('zsyj57178a0f702d99zsyj66555395', 'zsyj57178a0f677ae0zsyj91616385', 'zsyj570f7f29504da7zsyj16073953', NULL, 3, NULL, NULL),
('zsyj57178a1e938cd6zsyj92332101', 'zsyj57178a1e8aa716zsyj32374897', 'zsyj5706667e62b860zsyj20208771', NULL, 1, NULL, NULL),
('zsyj57178a8daa3798zsyj87278367', 'zsyj57178a8da08300zsyj89426142', 'zsyj5706667e62b860zsyj20208771', NULL, 2, NULL, NULL),
('zsyj57178a8daf7296zsyj93018389', 'zsyj57178a8da08300zsyj89426142', 'zsyj570f7f29504da7zsyj16073953', NULL, 1, NULL, NULL),
('zsyj57178a8db16065zsyj11114801', 'zsyj57178a8da08300zsyj89426142', 'zsyj56fe417fd824d5zsyj99876196', NULL, 4, NULL, NULL),
('zsyj57178aa418b5e3zsyj23708964', 'zsyj57178aa40f93f8zsyj43464750', 'zsyj570781ce6d7121zsyj28462516', NULL, 2, NULL, NULL),
('zsyj57178aa41c4e52zsyj90543751', 'zsyj57178aa40f93f8zsyj43464750', 'zsyj5706667e62b860zsyj20208771', NULL, 1, NULL, NULL),
('zsyj57178aa41d3be7zsyj26009233', 'zsyj57178aa40f93f8zsyj43464750', 'zsyj570f7f29504da7zsyj16073953', NULL, 1, NULL, NULL),
('zsyj5718b047353dc6zsyj54667497', 'zsyj5718b046ef7603zsyj63373807', 'zsyj5706667e62b860zsyj20208771', NULL, 2, NULL, NULL),
('zsyj5718ce1f7cb697zsyj46149804', 'zsyj5718ce1f1c15c0zsyj83251631', 'zsyj5706667e62b860zsyj20208771', NULL, NULL, NULL, NULL),
('zsyj5718cec197f9f3zsyj02685426', 'zsyj5718cec12767a2zsyj45265755', 'zsyj570781ce6d7121zsyj28462516', NULL, NULL, NULL, NULL),
('zsyj5718cec1b11a56zsyj72020071', 'zsyj5718cec12767a2zsyj45265755', 'zsyj5706667e62b860zsyj20208771', NULL, 0, NULL, NULL),
('zsyj5718cec2779dd0zsyj98308774', 'zsyj5718cec12767a2zsyj45265755', 'zsyj56fe417fd824d5zsyj99876196', NULL, 0, NULL, NULL),
('zsyj5718ceda6c8142zsyj83601283', 'zsyj5718cec12767a2zsyj45265755', 'zsyj570f7f29504da7zsyj16073953', NULL, 1, NULL, NULL),
('zsyj5718cee5d08912zsyj98199299', 'zsyj5718cee5c10971zsyj03171296', '', NULL, NULL, NULL, NULL),
('zsyj5719a9dd57ad35zsyj57728198', 'zsyj5719a9dd40d336zsyj30396951', '', NULL, NULL, NULL, NULL),
('zsyj571db23aca18c3zsyj77506359', 'zsyj571db23ab363e9zsyj82405660', 'zsyj570f7f29504da7zsyj16073953', NULL, 0, NULL, NULL),
('zsyj571dd85a411e40zsyj24452213', 'zsyj571dd85a1a0e16zsyj34687261', 'zsyj570f7f29504da7zsyj16073953', NULL, 1, NULL, NULL),
('zsyj571df478d85b00zsyj22766886', 'zsyj571df478bf73b9zsyj35097338', 'zsyj570f7f29504da7zsyj16073953', NULL, NULL, NULL, NULL),
('zsyj571df49a2521f2zsyj26402665', 'zsyj571df49a094c90zsyj48838361', 'zsyj570f7f29504da7zsyj16073953', NULL, 1, NULL, NULL),
('zsyj571df4c41ee203zsyj55573000', 'zsyj571df4c40d8c46zsyj94924795', 'zsyj570f7f29504da7zsyj16073953', NULL, 1, NULL, NULL),
('zsyj571df5809d7d42zsyj78635117', 'zsyj571df58082e061zsyj35660403', 'zsyj5706667e62b860zsyj20208771', NULL, 1, NULL, NULL),
('zsyj571df636082ab2zsyj06343593', 'zsyj571df635e9c074zsyj77332817', 'zsyj5706667e62b860zsyj20208771', NULL, 1, NULL, NULL),
('zsyj571df9ffd9ed95zsyj87904486', 'zsyj571df9ffc8d653zsyj11886336', 'zsyj570f7f29504da7zsyj16073953', NULL, 1, NULL, NULL),
('zsyj571dfa16a38f02zsyj53710016', 'zsyj571dfa16923948zsyj91411730', 'zsyj570f7f29504da7zsyj16073953', NULL, 1, NULL, NULL),
('zsyj571dfa257560f9zsyj82750570', 'zsyj571dfa2564c6b8zsyj88706063', 'zsyj570f7f29504da7zsyj16073953', NULL, 5, NULL, NULL),
('zsyj571e00f25ba013zsyj01959511', 'zsyj571e00f24911d4zsyj70794734', 'zsyj5706667e62b860zsyj20208771', NULL, 3, NULL, NULL),
('zsyj571e00f269c958zsyj48925539', 'zsyj571e00f24911d4zsyj70794734', 'zsyj570f7f29504da7zsyj16073953', NULL, 5, NULL, NULL),
('zsyj571e0b2512a261zsyj01618433', 'zsyj571e0b24e2a3e4zsyj92509687', 'zsyj570f7f29504da7zsyj16073953', NULL, 1, NULL, NULL),
('zsyj571e0b256bfeb2zsyj58493486', 'zsyj571e0b255549e9zsyj86482226', 'zsyj570f7f29504da7zsyj16073953', NULL, NULL, NULL, NULL),
('zsyj571e0b25c32884zsyj51667207', 'zsyj571e0b25b155b2zsyj54704538', 'zsyj570f7f29504da7zsyj16073953', NULL, NULL, NULL, NULL),
('zsyj571e0b26374582zsyj47023228', 'zsyj571e0b262013b3zsyj27392344', 'zsyj570f7f29504da7zsyj16073953', NULL, NULL, NULL, NULL),
('zsyj571e0b268b0441zsyj17423314', 'zsyj571e0b26750af4zsyj45391201', 'zsyj570f7f29504da7zsyj16073953', NULL, NULL, NULL, NULL),
('zsyj571e0b26d44353zsyj96185758', 'zsyj571e0b26c55e97zsyj05400328', 'zsyj570f7f29504da7zsyj16073953', NULL, NULL, NULL, NULL),
('zsyj571e0b6b0c7135zsyj19197646', 'zsyj571e0b6aef7df1zsyj17367743', 'zsyj570f7f29504da7zsyj16073953', NULL, 1, NULL, NULL),
('zsyj571e0b6b64d370zsyj61470520', 'zsyj571e0b6b589e41zsyj81167493', 'zsyj570f7f29504da7zsyj16073953', NULL, NULL, NULL, NULL),
('zsyj571e0d19239675zsyj18678855', 'zsyj571e0d19176146zsyj49947085', '', NULL, NULL, NULL, NULL),
('zsyj571e0efa0cc115zsyj07205065', 'zsyj571e0ef9f08956zsyj48838295', 'zsyj570f7f29504da7zsyj16073953', NULL, 1, NULL, NULL),
('zsyj571e0f75c14f96zsyj27803811', 'zsyj571e0f75b0f3d4zsyj70661803', 'zsyj570f7f29504da7zsyj16073953', NULL, 2, NULL, NULL),
('zsyj571e1c78329931zsyj95906557', 'zsyj571e1c781ed261zsyj88823652', 'zsyj570f7f29504da7zsyj16073953', NULL, 5, NULL, NULL),
('zsyj571e1c9c7d9179zsyj16017039', 'zsyj571e1c9c6d35b7zsyj66160709', 'zsyj570f7f29504da7zsyj16073953', NULL, 1, NULL, NULL),
('zsyj571f67b215bfb4zsyj11248930', 'zsyj571f67b1ddf105zsyj33031299', 'zsyj56fe417fd824d5zsyj99876196', 'ç´«è–¯åŸæµ†', 1, 100, 0.9),
('zsyj571f67b225dce2zsyj67656762', 'zsyj571f67b1ddf105zsyj33031299', 'zsyj570f7f29504da7zsyj16073953', 'å†°çº¢èŒ¶', 1, 3, 1),
('zsyj571f6880807ea2zsyj74209944', 'zsyj571f688066dbc5zsyj06283943', 'zsyj56fe417fd824d5zsyj99876196', 'ç´«è–¯åŸæµ†', 2, 100, 0.9),
('zsyj571f68808ee650zsyj94255624', 'zsyj571f688066dbc5zsyj06283943', 'zsyj570f7f29504da7zsyj16073953', 'å†°çº¢èŒ¶', 1, 3, 1),
('zsyj5720b998223ea6zsyj56978924', 'zsyj5720b998129e62zsyj28989615', 'zsyj570f7f29504da7zsyj16073953', NULL, 2, NULL, NULL),
('zsyj5720ba0d6d5e79zsyj93034299', 'zsyj5720ba0d20b453zsyj23453171', 'zsyj570f7f29504da7zsyj16073953', NULL, 1, NULL, NULL),
('zsyj5720bee515a574zsyj75617901', 'zsyj5720bee4f1dc17zsyj79620716', 'zsyj570f7f29504da7zsyj16073953', 'å†°çº¢èŒ¶', 1, 3, 1),
('zsyj573485e835a0b3zsyj73844976', 'zsyj573485e819c743zsyj03973075', 'zsyj570f7f29504da7zsyj16073953', 'å†°çº¢èŒ¶', 2, 3, 1);

-- --------------------------------------------------------

--
-- è¡¨çš„ç»“æ„ `zsyj_receive`
--

CREATE TABLE IF NOT EXISTS `zsyj_receive` (
  `id` varchar(32) NOT NULL COMMENT 'æ¶ˆæ¯æ¥æ”¶è¡¨id',
  `informId` varchar(32) DEFAULT NULL COMMENT 'é€šçŸ¥id',
  `receiverId` varchar(32) DEFAULT NULL COMMENT 'æ¥æ”¶äººid',
  `receiveState` varchar(32) DEFAULT NULL COMMENT 'æ¥æ”¶äººæŸ¥çœ‹çŠ¶æ€ï¼Œä»æ•°æ®å­—å…¸ä¸­è¯»å–',
  `receiveDateTime` datetime DEFAULT NULL COMMENT 'æŸ¥çœ‹æ—¶é—´',
  PRIMARY KEY (`id`),
  KEY `FK_receive_inform` (`informId`),
  KEY `FK_receive_user` (`receiverId`)
) ENGINE=MyISAM DEFAULT CHARSET=utf8 COMMENT='æ¶ˆæ¯æ¥æ”¶è¡¨';

--
-- è½¬å­˜è¡¨ä¸­çš„æ•°æ® `zsyj_receive`
--

INSERT INTO `zsyj_receive` (`id`, `informId`, `receiverId`, `receiveState`, `receiveDateTime`) VALUES
('zsyj570878569b7cf0zsyj00788466', 'zsyj56fd0f0c4abbc5zsyj17130458', 'zsyj56efb43a0399b1zsyj99326152', NULL, NULL),
('zsyj57077d4b4af4e8zsyj86874907', 'zsyj57077d142dddd8zsyj82212935', 'zsyj56efb44f3e3f25zsyj99652025', NULL, NULL),
('zsyj5708a1b509ac00zsyj14293177', 'zsyj5708a1a957e0c6zsyj69007468', 'zsyj56efb43a0399b1zsyj99326152', NULL, NULL),
('zsyj5708a1b50a6782zsyj18129363', 'zsyj5708a1a957e0c6zsyj69007468', 'zsyj56efb43a0399b1zsyj99326152', NULL, NULL),
('zsyj57090c125e2086zsyj45994737', 'zsyj57090b7011a452zsyj03571751', 'Pre_zsyj56ff3bf461b2d1zsyj971617', NULL, NULL),
('zsyj57090c12420ca9zsyj39034468', 'zsyj57090b7011a452zsyj03571751', 'Pre_zsyj5706180734b523zsyj327156', NULL, NULL),
('zsyj57090b96f05a65zsyj24863822', 'zsyj57090b7011a452zsyj03571751', 'zsyj5706180734b523zsyj32715678', NULL, NULL),
('zsyj57090b97001e78zsyj76166997', 'zsyj57090b7011a452zsyj03571751', 'zsyj56ff3bf461b2d1zsyj97161727', NULL, NULL),
('zsyj57090c126302a6zsyj30705704', 'zsyj57090b7011a452zsyj03571751', 'zsyj5706180734b523zsyj32715678', NULL, NULL),
('zsyj57090c1266ac21zsyj87771036', 'zsyj57090b7011a452zsyj03571751', 'zsyj56ff3bf461b2d1zsyj97161727', NULL, NULL),
('zsyj57090c126bccc9zsyj88187578', 'zsyj57090b7011a452zsyj03571751', 'zsyj56ff3bf461b2d1zsyj97161727', NULL, NULL),
('zsyj57090c12707056zsyj70997169', 'zsyj57090b7011a452zsyj03571751', 'zsyj56ff3bf461b2d1zsyj97161727', NULL, NULL);

-- --------------------------------------------------------

--
-- è¡¨çš„ç»“æ„ `zsyj_recruitment`
--

CREATE TABLE IF NOT EXISTS `zsyj_recruitment` (
  `id` varchar(32) NOT NULL,
  `position` varchar(255) DEFAULT NULL COMMENT 'èŒä½',
  `positionname` varchar(255) DEFAULT NULL COMMENT 'èŒä½åç§°',
  `responsibilities` varchar(255) DEFAULT NULL COMMENT 'èŒè´£',
  `claim` varchar(255) DEFAULT NULL COMMENT 'è¦æ±‚',
  `wage` varchar(255) DEFAULT NULL COMMENT 'å·¥èµ„',
  `uploadUrl` varchar(255) DEFAULT NULL COMMENT 'ä¸Šä¼ åœ°å€',
  PRIMARY KEY (`id`)
) ENGINE=MyISAM DEFAULT CHARSET=utf8;

--
-- è½¬å­˜è¡¨ä¸­çš„æ•°æ® `zsyj_recruitment`
--

INSERT INTO `zsyj_recruitment` (`id`, `position`, `positionname`, `responsibilities`, `claim`, `wage`, `uploadUrl`) VALUES
('zsyj5707b9d5360a94zsyj88320868', 'èŒä½ä¸€', 'æŠ€æœ¯ç ”å‘å·¥ç¨‹å¸ˆ', 'ä»äº‹å¤©ç„¶äº§ç‰©æå–ã€é£Ÿå“ç ”ç©¶å¼€å‘å·¥ä½œ;#æŸ¥é˜…å›½å†…å¤–èµ„æ–™ï¼Œäº†è§£ä¸ç ”ç©¶è¯¾é¢˜ç›¸å…³çš„æŠ€æœ¯åŠå¸‚åœºèƒŒæ™¯;#åˆ¶è®¢ç ”ç©¶é¡¹ç›®è¯•éªŒæ–¹æ¡ˆï¼Œä¸»æŒæˆ–å‚ä¸è¯•éªŒæ´»åŠ¨;#æ’°å†™è¯•éªŒæ€»ç»“æŠ¥å‘Šï¼Œæå‡ºç§‘ç ”æˆæœäº§ä¸šåŒ–å»ºè®®ã€‚', 'ç”Ÿç‰©ã€é£Ÿå“æˆ–ç›¸å…³ä¸“ä¸šæœ¬ç§‘åŠä»¥ä¸Šå­¦å†ï¼Œæœ‰å·¥å‚å·¥ä½œç»éªŒï¼›#èº«ä½“å¥åº·ï¼Œå“è¡Œè‰¯å¥½ï¼Œéµçºªå®ˆæ³•ï¼›#è¾ƒå¼ºçš„ä¸»è§‚èƒ½åŠ¨æ€§ã€ç‹¬ç«‹æ€è€ƒçš„èƒ½åŠ›ã€è¾ƒå¼ºçš„å®éªŒã€åˆ†æã€æ“ä½œåŠ¨æ‰‹èƒ½åŠ›ï¼›#èƒ½ç†Ÿç»ƒæŸ¥é˜…ä¸­ã€è‹±æ–‡æ–‡çŒ®ï¼Œèƒ½ç‹¬ç«‹æ‰¿æ‹…ç ”å‘å·¥ä½œï¼›#è¾ƒå¼ºçš„å·¥ä½œè´£ä»»å¿ƒï¼Œé¥±æ»¡çš„å·¥ä½œçƒ­æƒ…ï¼Œè¾ƒå¼ºçš„æ•¬ä¸šç²¾ç¥å’Œå›¢é˜Ÿåˆä½œæ„è¯†;#å…·æœ‰ç›¸å…³å·¥ä½œç»å†è€…ä¼˜å…ˆå½•ç”¨ã€‚', 'å¦‚ç¬¦åˆä¸Šè¿°æ¡ä»¶è€…ï¼Œå¯ç›´æ¥å¸¦æœ‰æ•ˆè¯ä»¶æ¥æˆ‘å…¬å¸é¢è°ˆã€‚', NULL),
('zsyj5708703b502584zsyj04116508', 'èŒä½äºŒ', 'åŒ–å·¥è®¾è®¡å·¥ç¨‹å¸ˆ', 'ä»äº‹è†œåˆ†ç¦»å·¥è‰ºåŠè®¾å¤‡è®¾è®¡å·¥ä½œï¼›#è´Ÿè´£è®¾å¤‡ç»´æŠ¤å’Œå”®åæŠ€æœ¯æ”¯æŒã€‚', 'åŒ–å·¥æœºæ¢°æˆ–åŒ–å·¥å·¥è‰ºç­‰ç›¸å…³ä¸“ä¸šæœ¬ç§‘å­¦å†ï¼Œä¸‰å¹´ä»¥ä¸Šå·¥å‚å·¥ä½œç»éªŒï¼Œç†Ÿç»ƒä½¿ç”¨Auto CADåˆ¶å›¾ï¼Œæ‡‚3Dåˆ¶å›¾ï¼›#èº«ä½“å¥åº·ï¼Œå“è¡Œè‰¯å¥½ï¼Œéµçºªå®ˆæ³•ï¼›#å…·æœ‰æ‰å®çš„ä¸“ä¸šåŸºç¡€ï¼Œå…·å¤‡ç‹¬ç«‹æ€è€ƒã€ç‹¬ç«‹å¼€å±•åŒ–å·¥å·¥è‰ºåŠç›¸å…³è®¾å¤‡è®¾è®¡å·¥ä½œçš„èƒ½åŠ›ï¼›#è¾ƒå¼ºçš„å·¥ä½œè´£ä»»å¿ƒï¼Œé¥±æ»¡çš„å·¥ä½œçƒ­æƒ…ï¼Œè¾ƒå¼ºçš„æ•¬ä¸šç²¾ç¥å’Œå›¢é˜Ÿåˆä½œæ„è¯†ï¼›#å…·æœ‰ç›¸å…³å·¥ä½œç»å†è€…ä¼˜å…ˆå½•ç”¨ã€‚#èƒ½æŒç»­ç¨³å®šå‘å±•è€…ä¼˜å…ˆå½•ç”¨ã€‚', 'å¦‚ç¬¦åˆä¸Šè¿°æ¡ä»¶è€…ï¼Œå¯ç›´æ¥å¸¦æœ‰æ•ˆè¯ä»¶æ¥æˆ‘å…¬å¸é¢è°ˆã€‚', NULL),
('zsyj57087077944c94zsyj62942691', 'èŒä½ä¸‰', 'æ°©å¼§ç„Šå·¥', 'ä¸é”ˆé’¢è®¾å¤‡åˆ¶ä½œï¼›#é¢†å¯¼åŠå…¬å¸å¸ƒç½®çš„å…¶å®ƒä»»åŠ¡ã€‚', 'èº«ä½“å¥åº·ï¼Œå“è¡Œè‰¯å¥½ï¼Œéµçºªå®ˆæ³•ï¼›#è¾ƒå¼ºçš„å·¥ä½œè´£ä»»å¿ƒï¼Œé¥±æ»¡çš„å·¥ä½œçƒ­æƒ…ï¼Œè¾ƒå¼ºçš„æ•¬ä¸šç²¾ç¥å’Œå›¢é˜Ÿåˆä½œæ„è¯†ï¼›#å…·æœ‰ä¸“ä¸šèµ„æ ¼è¯ä¹¦ã€‚', 'å¦‚ç¬¦åˆä¸Šè¿°æ¡ä»¶è€…ï¼Œå¯ç›´æ¥å¸¦æœ‰æ•ˆè¯ä»¶æ¥æˆ‘å…¬å¸é¢è°ˆã€‚', NULL),
('zsyj5708b7c60df0a8zsyj68820761', '2', '2', '2', '2', '2', NULL);

-- --------------------------------------------------------

--
-- è¡¨çš„ç»“æ„ `zsyj_reminder`
--

CREATE TABLE IF NOT EXISTS `zsyj_reminder` (
  `id` varchar(32) NOT NULL COMMENT 'å‚¬å•è¡¨id',
  `reminderId` varchar(32) DEFAULT NULL COMMENT 'å‚¬å•äººid',
  `remindername` varchar(64) DEFAULT NULL COMMENT 'å‚¬å•äººå§“å',
  `userType` varchar(32) DEFAULT NULL COMMENT 'ç”¨æˆ·ç±»å‹',
  `reminderDatetime` datetime DEFAULT NULL COMMENT 'å‚¬å•æ—¶é—´',
  `orderId` varchar(32) DEFAULT NULL COMMENT 'è®¢å•Id',
  PRIMARY KEY (`id`),
  KEY `FK_reminder_order` (`orderId`),
  KEY `FK_reminder_user` (`reminderId`)
) ENGINE=MyISAM DEFAULT CHARSET=utf8 COMMENT='å‚¬å•è¡¨';

-- --------------------------------------------------------

--
-- è¡¨çš„ç»“æ„ `zsyj_role`
--

CREATE TABLE IF NOT EXISTS `zsyj_role` (
  `id` varchar(32) NOT NULL COMMENT 'roleè¡¨Id',
  `name` varchar(32) DEFAULT NULL COMMENT 'è§’è‰²åç§°',
  `state` char(32) DEFAULT NULL COMMENT 'è§’è‰²çŠ¶æ€ï¼Œå½“è§’è‰²çŠ¶æ€ä¸ºç¦ç”¨æ—¶ï¼Œç›¸åº”çš„ç”¨æˆ·æƒé™ä¹Ÿæ²¡æœ‰äº†',
  PRIMARY KEY (`id`)
) ENGINE=MyISAM DEFAULT CHARSET=utf8 COMMENT='è§’è‰²è¡¨';

--
-- è½¬å­˜è¡¨ä¸­çš„æ•°æ® `zsyj_role`
--

INSERT INTO `zsyj_role` (`id`, `name`, `state`) VALUES
('zsyj56f9625f628235zsyj85977534', 'å¸‚/å·æœºæ„ï¼ˆä¸‰çº§æƒé™ï¼‰', '1'),
('zsyj56f961d987f241zsyj86632229', 'çœçº§æœºæ„ï¼ˆäºŒçº§æƒé™ï¼‰', '1'),
('zsyj56f961a48c16d4zsyj97629372', 'åŒºåŸŸä¸­å¿ƒï¼ˆä¸€çº§æƒé™ï¼‰', '1'),
('zsyj56f96285332f63zsyj04905299', 'å¿/åŒºæœºæ„ï¼ˆå››çº§æƒé™ï¼‰', '1');

-- --------------------------------------------------------

--
-- è¡¨çš„ç»“æ„ `zsyj_role_menu`
--

CREATE TABLE IF NOT EXISTS `zsyj_role_menu` (
  `id` varchar(32) NOT NULL,
  `roleId` varchar(32) DEFAULT NULL COMMENT 'è§’è‰²id å…³è”è§’è‰²è¡¨',
  `menuId` varchar(32) DEFAULT NULL COMMENT 'èœå•Id å…³è”èœå•è¡¨',
  PRIMARY KEY (`id`),
  KEY `FK_roleMenu_menu` (`menuId`),
  KEY `FK_roleMenu_role` (`roleId`)
) ENGINE=MyISAM DEFAULT CHARSET=utf8 COMMENT='æƒé™è¡¨';

--
-- è½¬å­˜è¡¨ä¸­çš„æ•°æ® `zsyj_role_menu`
--

INSERT INTO `zsyj_role_menu` (`id`, `roleId`, `menuId`) VALUES
('zsyj571393931e48f1zsyj67870056', 'zsyj56f961a48c16d4zsyj97629372', '53453453453'),
('zsyj571393933c8f69zsyj83850393', 'zsyj56f961a48c16d4zsyj97629372', '32cbf32300a748e7be1531efa7a99c5e'),
('zsyj5713939357e7d0zsyj98746367', 'zsyj56f961a48c16d4zsyj97629372', '8ebc14009b004809af6ca78f99c02460'),
('zsyj571393936499f0zsyj96993368', 'zsyj56f961a48c16d4zsyj97629372', 'zsyj56efe625a79c38zsyj64274235'),
('zsyj571393936c2b94zsyj37038566', 'zsyj56f961a48c16d4zsyj97629372', 'zsyj56efe64db26ad7zsyj86164003'),
('zsyj57139393714c22zsyj69414894', 'zsyj56f961a48c16d4zsyj97629372', 'zsyj56f77c4f846846zsyj72130122'),
('zsyj5713939373bd32zsyj58068886', 'zsyj56f961a48c16d4zsyj97629372', 'zsyj56f77c822a89c9zsyj20293471'),
('zsyj57139393766cc1zsyj57470096', 'zsyj56f961a48c16d4zsyj97629372', 'zsyj56f77cb5b14a97zsyj15908714'),
('zsyj5713939389f502zsyj28509652', 'zsyj56f961a48c16d4zsyj97629372', 'zsyj56f7ce8b4b2bc1zsyj28942224'),
('zsyj57139393904e24zsyj45487828', 'zsyj56f961a48c16d4zsyj97629372', 'zsyj56f7ce9a402642zsyj51823144'),
('zsyj5713939392bf21zsyj70135367', 'zsyj56f961a48c16d4zsyj97629372', 'zsyj5701e4c02dfc96zsyj34311460'),
('zsyj57139393a126e3zsyj41707245', 'zsyj56f961a48c16d4zsyj97629372', 'zsyj5701e4ccc01db6zsyj90900737'),
('zsyj57139393b33829zsyj93420501', 'zsyj56f961a48c16d4zsyj97629372', 'zsyj57020cf5d38b28zsyj24719994'),
('zsyj56f961a48c16d4zsyj97621111', 'zsyj56f961a48c16d4zsyj97629372', 'm1e2n3u4113'),
('zsyj57139393084fa0zsyj63579440', 'zsyj56f961a48c16d4zsyj97629372', '12121322323'),
('zsyj57139393d5e3a4zsyj24045061', 'zsyj56f961a48c16d4zsyj97629372', 'zsyj57020d15e45959zsyj69055545'),
('zsyj57139393f3ad16zsyj57048417', 'zsyj56f961a48c16d4zsyj97629372', 'zsyj57077323cddbc9zsyj04915782'),
('zsyj5713939407d633zsyj37619112', 'zsyj56f961a48c16d4zsyj97629372', 'zsyj5707735c515a90zsyj24327483');

-- --------------------------------------------------------

--
-- è¡¨çš„ç»“æ„ `zsyj_shopcart`
--

CREATE TABLE IF NOT EXISTS `zsyj_shopcart` (
  `id` varchar(32) NOT NULL COMMENT 'å‡½æ•°ç”Ÿæˆ',
  `userId` varchar(32) DEFAULT NULL COMMENT 'ç”¨æˆ·Idï¼Œå…³è”ç”¨æˆ·è¡¨',
  `productId` varchar(32) DEFAULT NULL COMMENT 'äº§å“Id',
  `productName` varchar(64) DEFAULT NULL COMMENT 'äº§å“åç§°',
  `productNum` int(11) DEFAULT NULL COMMENT 'äº§å“æ•°é‡',
  `productPrice` float DEFAULT NULL COMMENT 'äº§å“å•ä»·',
  `productDiscount` float DEFAULT NULL COMMENT 'äº§å“æŠ˜æ‰£',
  `datetime` datetime DEFAULT NULL COMMENT 'åŠ å…¥æ—¶é—´',
  PRIMARY KEY (`id`),
  KEY `FK_shopCart_product` (`productId`),
  KEY `FK_shopCart_user` (`userId`)
) ENGINE=MyISAM DEFAULT CHARSET=utf8 COMMENT='è´­ç‰©è½¦è¡¨';

-- --------------------------------------------------------

--
-- è¡¨çš„ç»“æ„ `zsyj_submessage`
--

CREATE TABLE IF NOT EXISTS `zsyj_submessage` (
  `id` varchar(32) NOT NULL COMMENT 'ç•™è¨€å›å¤è¡¨id',
  `userId` varchar(32) DEFAULT NULL COMMENT 'å›å¤è€…id',
  `username` varchar(64) DEFAULT NULL COMMENT 'å›å¤è€…ç”¨æˆ·å',
  `content` text COMMENT 'å›å¤å†…å®¹',
  `createDateTime` datetime DEFAULT NULL COMMENT 'å›å¤æ—¶é—´',
  `parentId` varchar(32) DEFAULT NULL COMMENT 'è‡ªç•™è¨€ä¸Šçº§ç•™è¨€id',
  PRIMARY KEY (`id`),
  KEY `FK_subMessage_message` (`parentId`),
  KEY `FK_subMessage_user` (`userId`)
) ENGINE=MyISAM DEFAULT CHARSET=utf8 COMMENT='ç•™è¨€å›å¤è¡¨';

--
-- è½¬å­˜è¡¨ä¸­çš„æ•°æ® `zsyj_submessage`
--

INSERT INTO `zsyj_submessage` (`id`, `userId`, `username`, `content`, `createDateTime`, `parentId`) VALUES
('zsyj57021adc1f4037zsyj39883009', NULL, 'æ—é’¢', 'SB', '2016-04-04 15:42:00', '11111111111'),
('zsyj57021b18aac4c8zsyj45744205', NULL, 'æ—é’¢', 'SB child', '2016-04-04 15:42:00', '11111111111'),
('zsyj5705cd6e5bb499zsyj96663535', NULL, 'æ—é’¢', 'SB', '2016-04-07 11:01:02', 'zsyj57050d6c5dc4d6zsyj56647240');

-- --------------------------------------------------------

--
-- è¡¨çš„ç»“æ„ `zsyj_userinfo`
--

CREATE TABLE IF NOT EXISTS `zsyj_userinfo` (
  `id` varchar(32) NOT NULL COMMENT 'ç”¨æˆ·åŸºæœ¬ä¿¡æ¯è¡¨Id',
  `userId` varchar(32) DEFAULT NULL COMMENT 'å¤–é”®ï¼Œå…³è”ç”¨æˆ·è¡¨id',
  `recipientName` varchar(64) DEFAULT NULL COMMENT 'æ”¶ä»¶äººå§“å',
  `mobilephone` varchar(16) DEFAULT NULL COMMENT 'æ”¶ä»¶äººæ‰‹æœºå·ç ',
  `areaAddress` varchar(32) DEFAULT NULL COMMENT 'æ”¶ä»¶åŒºåŸŸåœ°å€',
  `detailAddress` varchar(512) DEFAULT NULL COMMENT 'è¯¦ç»†åœ°å€',
  `postcode` varchar(6) DEFAULT NULL COMMENT 'é‚®æ”¿ç¼–ç ',
  `userInfoClicks` int(11) DEFAULT NULL COMMENT 'ç”¨æˆ·ä½¿ç”¨åœ°å€æ¬¡æ•°ï¼ŒæŒ‰ç…§è¿™ä¸ªæ¬¡æ•°é™åºæ’åˆ—',
  `userInfoState` varchar(32) DEFAULT NULL COMMENT 'ç”¨æˆ·åœ°å€ä¿¡æ¯çŠ¶æ€',
  `truename` varchar(32) DEFAULT NULL COMMENT 'æ”¶è´§äºº',
  `hcity` int(11) DEFAULT NULL COMMENT 'çœå¯¹åº”çš„ç¼–å·',
  `hcityname` varchar(32) DEFAULT NULL COMMENT 'çœå',
  PRIMARY KEY (`id`),
  KEY `FK_userInfo_user` (`userId`)
) ENGINE=MyISAM DEFAULT CHARSET=utf8 COMMENT='ç”¨æˆ·åŸºæœ¬ä¿¡æ¯è¡¨ï¼Œç”¨æˆ·ä¿å­˜ç”¨æˆ·çš„è®¢å•è”ç³»æ–¹å¼';

--
-- è½¬å­˜è¡¨ä¸­çš„æ•°æ® `zsyj_userinfo`
--

INSERT INTO `zsyj_userinfo` (`id`, `userId`, `recipientName`, `mobilephone`, `areaAddress`, `detailAddress`, `postcode`, `userInfoClicks`, `userInfoState`, `truename`, `hcity`, `hcityname`) VALUES
('zsyj5720be6e3a5dc9zsyj88349285', 'zsyj57074fc010c7b3zsyj02980968', 'æ¬§äºš', '1241234', 'æ¹–åŒ—çœ-å®œæ˜Œå¸‚-å¤·é™µåŒº', 'å°äº‹', '12', NULL, '0', NULL, 420000, NULL),
('zsyj56ff3bf461b2d1zsyj97161727', 'zsyj56efb43a0399b1zsyj99326152', 'æç½—å¥¥', '12333334444', 'æ¹–åŒ—çœæ­¦æ±‰å¸‚', 'æ­¦æ±‰å·¥å•†å­¦é™¢', '434343', NULL, '0', NULL, 420000, ''),
('zsyj571de5a8f12590zsyj34114172', 'zsyj57144c24890cd8zsyj20843405', '234', '2', 'æ¾³é—¨-æ¾³é—¨-å¸‚åŒº', '2', '2', NULL, '0', NULL, 820000, ''),
('zsyj570f8483abf2f3zsyj71449010', 'zsyj57065bd820ef29zsyj87738190', 'å¡å¡è¥¿', '15527931998', 'ç»´å¾å°”-åšå°”å¡”æ‹‰è’™å¤-ç²¾æ²³å¿', 'é¦™æ¸¯è·¯12å·', '111111', NULL, '0', NULL, 650000, ''),
('zsyj57123245da4f92zsyj30190822', 'zsyj57122fabc83888zsyj41239619', 'æŸ³ç‘¶', '15527931998', 'æ¾³é—¨-æ¾³é—¨-å¸‚åŒº', 'ç›¸å…³è·¯', NULL, NULL, '0', NULL, 820000, ''),
('zsyj57148327017da2zsyj79222880', 'zsyj5714828d9a1974zsyj95136279', 'æ—é’¢', '13407155419', 'æ¹–åŒ—çœ-æ­¦æ±‰å¸‚-æ´ªå±±åŒº', 'é»„å®¶æ¹–è¥¿è·¯3å·', NULL, NULL, '1', NULL, 420000, '');

-- --------------------------------------------------------

--
-- è¡¨çš„ç»“æ„ `zsyj_userorder`
--

CREATE TABLE IF NOT EXISTS `zsyj_userorder` (
  `id` varchar(32) NOT NULL COMMENT 'è®¢å•ID',
  `userId` varchar(32) DEFAULT NULL COMMENT 'å¤–é”®ï¼Œå…³è”ç”¨æˆ·è¡¨id',
  `chargerId` varchar(32) DEFAULT NULL COMMENT 'è®¢å•è´Ÿè´£äººçš„id',
  `recipientName` varchar(64) DEFAULT NULL COMMENT 'æ”¶ä»¶äººå§“å',
  `mobilephone` varchar(16) DEFAULT NULL COMMENT 'æ”¶ä»¶äººæ‰‹æœºå·ç ',
  `areaAddress` varchar(32) DEFAULT NULL COMMENT 'æ”¶ä»¶åŒºåŸŸåœ°å€',
  `detailAddress` varchar(512) DEFAULT NULL COMMENT 'è¯¦ç»†åœ°å€',
  `postcode` varchar(6) DEFAULT NULL COMMENT 'é‚®æ”¿ç¼–ç ',
  `totalCost` float DEFAULT NULL COMMENT 'è®¢å•æ€»é‡‘é¢',
  `orderCode` varchar(32) DEFAULT NULL COMMENT 'è®¢å•å·',
  `orderState` varchar(32) DEFAULT NULL COMMENT 'è®¢å•çŠ¶æ€',
  `orderType` varchar(32) DEFAULT NULL COMMENT 'è®¢å•ç±»åˆ«,ä¼ä¸š;ä¸ªäºº',
  `orderdateTime` datetime DEFAULT NULL COMMENT 'ä¸‹å•æ—¶é—´',
  `principal` varchar(32) DEFAULT NULL COMMENT 'è´Ÿè´£äºº',
  `truename` varchar(32) CHARACTER SET utf8 COLLATE utf8_unicode_ci DEFAULT NULL COMMENT 'åç§°',
  PRIMARY KEY (`id`),
  KEY `FK_order_charger_user` (`chargerId`),
  KEY `FK_order_user` (`userId`)
) ENGINE=MyISAM DEFAULT CHARSET=utf8 COMMENT='è®¢å•ä¿¡æ¯è¡¨';

--
-- è½¬å­˜è¡¨ä¸­çš„æ•°æ® `zsyj_userorder`
--

INSERT INTO `zsyj_userorder` (`id`, `userId`, `chargerId`, `recipientName`, `mobilephone`, `areaAddress`, `detailAddress`, `postcode`, `totalCost`, `orderCode`, `orderState`, `orderType`, `orderdateTime`, `principal`, `truename`) VALUES
('zsyj57162cd3b310b1zsyj78390880', 'zsyj5714828d9a1974zsyj95136279', NULL, 'æ—é’¢', '13407155419', 'æ¹–åŒ—çœ-æ­¦æ±‰å¸‚-æ´ªå±±åŒº', 'é»„å®¶æ¹–è¥¿è·¯3å·', NULL, 9, '2016041951985654', '0', '1', '2016-04-19 21:04:19', NULL, NULL),
('zsyj571630bf2d9c64zsyj76021871', 'zsyj5714828d9a1974zsyj95136279', NULL, 'æ—é’¢', '13407155419', 'æ¹–åŒ—çœ-æ­¦æ±‰å¸‚-æ´ªå±±åŒº', 'é»„å®¶æ¹–è¥¿è·¯3å·', NULL, 0, '2016041910251521', '0', '1', '2016-04-19 21:21:03', NULL, NULL),
('zsyj57162ccd8dc752zsyj15847709', 'zsyj5714828d9a1974zsyj95136279', NULL, 'æ—é’¢', '13407155419', 'æ¹–åŒ—çœ-æ­¦æ±‰å¸‚-æ´ªå±±åŒº', 'é»„å®¶æ¹–è¥¿è·¯3å·', NULL, 9, '2016041910057495', '0', '1', '2016-04-19 21:04:13', NULL, NULL),
('zsyj573485e819c743zsyj03973075', 'zsyj5714828d9a1974zsyj95136279', 'zsyj56efb44f3e3f25zsyj99652025', 'æ—é’¢', '13407155419', 'æ¹–åŒ—çœ-æ­¦æ±‰å¸‚-æ´ªå±±åŒº', 'é»„å®¶æ¹–è¥¿è·¯3å·', NULL, 6, '2016051256491024', '0', '1', '2016-05-12 21:32:24', NULL, NULL),
('zsyj571242a0d61ec8zsyj84283520', 'zsyj57065bd820ef29zsyj87738190', NULL, 'å¡å¡è¥¿', '15527931998', 'ç»´å¾å°”-åšå°”å¡”æ‹‰è’™å¤-ç²¾æ²³å¿', 'é¦™æ¸¯è·¯12å·', '111111', 6, '2016041648100999', '0', '1', '2016-04-16 21:48:16', NULL, NULL),
('zsyj571242a14b7455zsyj63107531', 'zsyj57065bd820ef29zsyj87738190', NULL, 'å¡å¡è¥¿', '15527931998', 'ç»´å¾å°”-åšå°”å¡”æ‹‰è’™å¤-ç²¾æ²³å¿', 'é¦™æ¸¯è·¯12å·', '111111', 6, '2016041649531029', '0', '1', '2016-04-16 21:48:17', NULL, NULL),
('zsyj5714832f2ea581zsyj74889092', 'zsyj5714828d9a1974zsyj95136279', NULL, 'æ—é’¢', '13407155419', 'æ¹–åŒ—çœ-æ­¦æ±‰å¸‚-æ´ªå±±åŒº', 'é»„å®¶æ¹–è¥¿è·¯3å·', NULL, 22.5, '2016041810251555', '0', '1', '2016-04-18 14:48:15', NULL, NULL),
('zsyj571f67b1ddf105zsyj33031299', 'zsyj5714828d9a1974zsyj95136279', 'zsyj56efb44f3e3f25zsyj99652025', 'æ—é’¢', '13407155419', 'æ¹–åŒ—çœ-æ­¦æ±‰å¸‚-æ´ªå±±åŒº', 'é»„å®¶æ¹–è¥¿è·¯3å·', NULL, 93, '2016042649101985', '0', '1', '2016-04-26 21:05:53', NULL, NULL),
('zsyj5711eba034c820zsyj02457763', 'zsyj57065bd820ef29zsyj87738190', NULL, 'å¡å¡è¥¿', '15527931998', 'ç»´å¾å°”-åšå°”å¡”æ‹‰è’™å¤-ç²¾æ²³å¿', 'é¦™æ¸¯è·¯12å·', '111111', 90, 'A5711eba038b022.95966177', '0', '1', '2016-04-16 15:37:04', NULL, NULL),
('zsyj57121066011cd8zsyj37076155', 'zsyj57065bd820ef29zsyj87738190', NULL, 'å¡å¡è¥¿', '15527931998', 'ç»´å¾å°”-åšå°”å¡”æ‹‰è’™å¤-ç²¾æ²³å¿', 'é¦™æ¸¯è·¯12å·', '111111', 15, 'A57121066054364.68072181', '2', '1', '2016-04-16 18:13:58', NULL, NULL),
('zsyj57162cdeaf3014zsyj02796296', 'zsyj5714828d9a1974zsyj95136279', NULL, 'æ—é’¢', '13407155419', 'æ¹–åŒ—çœ-æ­¦æ±‰å¸‚-æ´ªå±±åŒº', 'é»„å®¶æ¹–è¥¿è·¯3å·', NULL, 9, '2016041910198102', '0', '1', '2016-04-19 21:04:30', NULL, NULL),
('zsyj571232eb32f111zsyj17152189', 'zsyj57122fabc83888zsyj41239619', NULL, 'æŸ³ç‘¶', '15527931998', 'æ¾³é—¨-æ¾³é—¨-å¸‚åŒº', 'ç›¸å…³è·¯', NULL, 540, 'A571232eb3717a3.14334654', '2', '1', '2016-04-16 20:41:15', NULL, NULL),
('zsyj57162dd4352575zsyj85528176', 'zsyj5714828d9a1974zsyj95136279', NULL, 'æ—é’¢', '13407155419', 'æ¹–åŒ—çœ-æ­¦æ±‰å¸‚-æ´ªå±±åŒº', 'é»„å®¶æ¹–è¥¿è·¯3å·', NULL, 0, '2016041952519855', '0', '1', '2016-04-19 21:08:36', NULL, NULL),
('zsyj57162e6a119395zsyj30604885', 'zsyj5714828d9a1974zsyj95136279', NULL, 'æ—é’¢', '13407155419', 'æ¹–åŒ—çœ-æ­¦æ±‰å¸‚-æ´ªå±±åŒº', 'é»„å®¶æ¹–è¥¿è·¯3å·', NULL, 0, '2016041997495310', '0', '1', '2016-04-19 21:11:06', NULL, NULL),
('zsyj571779d7840352zsyj61526370', 'zsyj5714828d9a1974zsyj95136279', NULL, 'æ—é’¢', '13407155419', 'æ¹–åŒ—çœ-æ­¦æ±‰å¸‚-æ´ªå±±åŒº', 'é»„å®¶æ¹–è¥¿è·¯3å·', NULL, 543, '2016042055565650', '0', '1', '2016-04-20 20:45:11', NULL, NULL),
('zsyj571639eba9aa58zsyj16572545', 'zsyj5714828d9a1974zsyj95136279', NULL, 'æ—é’¢', '13407155419', 'æ¹–åŒ—çœ-æ­¦æ±‰å¸‚-æ´ªå±±åŒº', 'é»„å®¶æ¹–è¥¿è·¯3å·', NULL, 0, '2016041998971004', '0', '1', '2016-04-19 22:00:11', NULL, NULL),
('zsyj57163a4c31b5b3zsyj87622410', 'zsyj5714828d9a1974zsyj95136279', NULL, 'æ—é’¢', '13407155419', 'æ¹–åŒ—çœ-æ­¦æ±‰å¸‚-æ´ªå±±åŒº', 'é»„å®¶æ¹–è¥¿è·¯3å·', NULL, 0, '2016041999515357', '0', '1', '2016-04-19 22:01:48', NULL, NULL),
('zsyj57173a11e779a9zsyj07627369', 'zsyj5714828d9a1974zsyj95136279', NULL, 'æ—é’¢', '13407155419', 'æ¹–åŒ—çœ-æ­¦æ±‰å¸‚-æ´ªå±±åŒº', 'é»„å®¶æ¹–è¥¿è·¯3å·', NULL, 6, '2016042049101981', '0', '1', '2016-04-20 16:13:05', NULL, NULL),
('zsyj57173aaf372557zsyj61131626', 'zsyj5714828d9a1974zsyj95136279', NULL, 'æ—é’¢', '13407155419', 'æ¹–åŒ—çœ-æ­¦æ±‰å¸‚-æ´ªå±±åŒº', 'é»„å®¶æ¹–è¥¿è·¯3å·', NULL, 3, '2016042010251979', '0', '1', '2016-04-20 16:15:43', NULL, NULL),
('zsyj57173c2d8228e2zsyj03443781', 'zsyj5714828d9a1974zsyj95136279', NULL, 'æ—é’¢', '13407155419', 'æ¹–åŒ—çœ-æ­¦æ±‰å¸‚-æ´ªå±±åŒº', 'é»„å®¶æ¹–è¥¿è·¯3å·', NULL, 6, '2016042010056544', '0', '1', '2016-04-20 16:22:05', NULL, NULL),
('zsyj57173de4c31962zsyj21916919', 'zsyj5714828d9a1974zsyj95136279', NULL, 'æ—é’¢', '13407155419', 'æ¹–åŒ—çœ-æ­¦æ±‰å¸‚-æ´ªå±±åŒº', 'é»„å®¶æ¹–è¥¿è·¯3å·', NULL, 3, '2016042052995651', '0', '1', '2016-04-20 16:29:24', NULL, NULL),
('zsyj5717430552eda1zsyj92097144', 'zsyj5714828d9a1974zsyj95136279', NULL, 'æ—é’¢', '13407155419', 'æ¹–åŒ—çœ-æ­¦æ±‰å¸‚-æ´ªå±±åŒº', 'é»„å®¶æ¹–è¥¿è·¯3å·', NULL, 3, '2016042053535457', '0', '1', '2016-04-20 16:51:17', NULL, NULL),
('zsyj5717438f8b2148zsyj13572684', 'zsyj5714828d9a1974zsyj95136279', NULL, 'æ—é’¢', '13407155419', 'æ¹–åŒ—çœ-æ­¦æ±‰å¸‚-æ´ªå±±åŒº', 'é»„å®¶æ¹–è¥¿è·¯3å·', NULL, 3, '2016042010256102', '0', '1', '2016-04-20 16:53:35', NULL, NULL),
('zsyj57174e47a0eb23zsyj95725685', 'zsyj5714828d9a1974zsyj95136279', NULL, 'æ—é’¢', '13407155419', 'æ¹–åŒ—çœ-æ­¦æ±‰å¸‚-æ´ªå±±åŒº', 'é»„å®¶æ¹–è¥¿è·¯3å·', NULL, 3, '2016042055975548', '0', '1', '2016-04-20 17:39:19', NULL, NULL),
('zsyj57174ed3a83eb9zsyj86476302', 'zsyj5714828d9a1974zsyj95136279', NULL, 'æ—é’¢', '13407155419', 'æ¹–åŒ—çœ-æ­¦æ±‰å¸‚-æ´ªå±±åŒº', 'é»„å®¶æ¹–è¥¿è·¯3å·', NULL, 3, '2016042051979950', '0', '1', '2016-04-20 17:41:39', NULL, NULL),
('zsyj57174f06cd1792zsyj26164356', 'zsyj5714828d9a1974zsyj95136279', NULL, 'æ—é’¢', '13407155419', 'æ¹–åŒ—çœ-æ­¦æ±‰å¸‚-æ´ªå±±åŒº', 'é»„å®¶æ¹–è¥¿è·¯3å·', NULL, 3, '2016042054100481', '0', '1', '2016-04-20 17:42:30', NULL, NULL),
('zsyj57174f65662a38zsyj96297300', 'zsyj5714828d9a1974zsyj95136279', NULL, 'æ—é’¢', '13407155419', 'æ¹–åŒ—çœ-æ­¦æ±‰å¸‚-æ´ªå±±åŒº', 'é»„å®¶æ¹–è¥¿è·¯3å·', NULL, 3, '2016042053554854', '0', '1', '2016-04-20 17:44:05', NULL, NULL),
('zsyj57177fcc3abf95zsyj63655175', 'zsyj5714828d9a1974zsyj95136279', NULL, 'æ—é’¢', '13407155419', 'æ¹–åŒ—çœ-æ­¦æ±‰å¸‚-æ´ªå±±åŒº', 'é»„å®¶æ¹–è¥¿è·¯3å·', NULL, 543, '2016042099524849', '0', '1', '2016-04-20 21:10:36', NULL, NULL),
('zsyj571780125206f6zsyj28280108', 'zsyj5714828d9a1974zsyj95136279', NULL, 'æ—é’¢', '13407155419', 'æ¹–åŒ—çœ-æ­¦æ±‰å¸‚-æ´ªå±±åŒº', 'é»„å®¶æ¹–è¥¿è·¯3å·', NULL, 543, '2016042050535497', '0', '1', '2016-04-20 21:11:46', NULL, NULL),
('zsyj5717805bd332b4zsyj43502930', 'zsyj5714828d9a1974zsyj95136279', NULL, 'æ—é’¢', '13407155419', 'æ¹–åŒ—çœ-æ­¦æ±‰å¸‚-æ´ªå±±åŒº', 'é»„å®¶æ¹–è¥¿è·¯3å·', NULL, 543, '2016042098100564', '0', '1', '2016-04-20 21:12:59', NULL, NULL),
('zsyj571dd85a1a0e16zsyj34687261', 'zsyj57144c24890cd8zsyj20843405', NULL, 'é˜¿ä»€é¡¿', '', 'æµ™æ±Ÿçœ-æ­å·å¸‚-æ·³å®‰å¿', '', NULL, 3, '2016042597505151', '0', '1', '2016-04-25 16:42:02', NULL, NULL),
('zsyj571f688066dbc5zsyj06283943', 'zsyj5714828d9a1974zsyj95136279', 'zsyj56efb44f3e3f25zsyj99652025', 'æ—é’¢', '13407155419', 'æ¹–åŒ—çœ-æ­¦æ±‰å¸‚-æ´ªå±±åŒº', 'é»„å®¶æ¹–è¥¿è·¯3å·', NULL, 183, '2016042648549852', '0', '1', '2016-04-26 21:09:20', NULL, NULL);

-- --------------------------------------------------------

--
-- è¡¨çš„ç»“æ„ `zsyj_usershare`
--

CREATE TABLE IF NOT EXISTS `zsyj_usershare` (
  `id` varchar(32) NOT NULL COMMENT 'åˆ†äº«æ–‡ç« ç»Ÿè®¡è¡¨id',
  `userId` varchar(32) DEFAULT NULL COMMENT 'åˆ†äº«ç”¨æˆ·id',
  `articleTitle` varchar(128) DEFAULT NULL COMMENT 'åˆ†äº«æ–‡ç« çš„åç§°',
  `articleId` varchar(32) DEFAULT NULL COMMENT 'åˆ†äº«æ–‡ç« çš„id',
  `shareDateTime` datetime DEFAULT NULL COMMENT 'åˆ†äº«çš„æ—¶é—´',
  `shareTo` varchar(32) DEFAULT NULL COMMENT 'åˆ†äº«çš„å»å¤„,ä»æ•°æ®å­—å…¸ä¸­è¯»å–',
  `sharePara` varchar(512) DEFAULT NULL COMMENT 'åˆ†äº«å‡ºå»çš„å‚æ•°:åˆ†äº«è¡¨id+å»å¤„æ ‡è¯†',
  `clicks` bigint(20) DEFAULT NULL COMMENT 'åˆ†äº«å»å¤„çš„ç”¨æˆ·ç‚¹å‡»é‡',
  PRIMARY KEY (`id`),
  KEY `FK_share_article` (`articleId`),
  KEY `FK_share_user` (`userId`)
) ENGINE=MyISAM DEFAULT CHARSET=utf8 COMMENT='åˆ†äº«ç»Ÿè®¡è¡¨';

-- --------------------------------------------------------

--
-- è¡¨çš„ç»“æ„ `zsyj_user_role`
--

CREATE TABLE IF NOT EXISTS `zsyj_user_role` (
  `adminId` varchar(32) DEFAULT NULL,
  `role` varchar(32) DEFAULT NULL
) ENGINE=MyISAM DEFAULT CHARSET=utf8;

-- --------------------------------------------------------

--
-- è¡¨çš„ç»“æ„ `zsyj_websitcolumn`
--

CREATE TABLE IF NOT EXISTS `zsyj_websitcolumn` (
  `columnId` varchar(16) NOT NULL COMMENT 'æ ç›®æ ‡è¯†ï¼Œåœ¨å¢åŠ æ ç›®çš„æ—¶å€™å¡«å†™ï¼Œå¹¶éªŒè¯å”¯ä¸€æ€§ï¼Œ16ä¸ªå­—ç¬¦',
  `title` varchar(16) DEFAULT NULL COMMENT 'æ ç›®åç§°',
  `discri` varchar(512) DEFAULT NULL COMMENT 'æ ç›®æè¿°',
  `clicks` bigint(20) DEFAULT NULL COMMENT 'ç‚¹å‡»é‡ç»Ÿè®¡',
  `url` varchar(64) DEFAULT NULL COMMENT 'æ ç›®url',
  `ordeyBy` int(11) DEFAULT NULL,
  PRIMARY KEY (`columnId`)
) ENGINE=MyISAM DEFAULT CHARSET=utf8 COMMENT='æ ç›®è¡¨';

--
-- è½¬å­˜è¡¨ä¸­çš„æ•°æ® `zsyj_websitcolumn`
--

INSERT INTO `zsyj_websitcolumn` (`columnId`, `title`, `discri`, `clicks`, `url`, `ordeyBy`) VALUES
('zsyj56ff6e6d0a1e', 'èœå•ç®¡ç†', '', NULL, '1', 3),
('zsyj56ff7cbd0cf1', 'ç»„ç»‡ç®¡ç†', '', NULL, '2', 2),
('zsyj56ffc718ee3b', 'åº“å­˜ç®¡ç†', '', NULL, '3', 3);

-- --------------------------------------------------------

--
-- è¡¨çš„ç»“æ„ `zsyj_websiteuser`
--

CREATE TABLE IF NOT EXISTS `zsyj_websiteuser` (
  `id` varchar(32) NOT NULL COMMENT 'ç”¨æˆ·IDé‡‡ç”¨å”¯ä¸€å‡½æ•°ç”Ÿäº§',
  `departmentId` varchar(32) DEFAULT NULL COMMENT 'éƒ¨é—¨id',
  `roleId` varchar(32) DEFAULT NULL COMMENT 'è§’è‰²Id',
  `username` varchar(64) DEFAULT NULL COMMENT 'ç”¨æˆ·å',
  `password` varchar(64) DEFAULT NULL COMMENT 'ç”¨æˆ·å¯†ç ',
  `truename` varchar(32) DEFAULT NULL COMMENT 'ç”¨æˆ·çœŸå®åç§°',
  `mobilephone` varchar(16) DEFAULT NULL COMMENT 'ç”¨æˆ·æ‰‹æœºå·ç ',
  `tellphone` varchar(16) DEFAULT NULL COMMENT 'ç”¨æˆ·åº§æœºç”µè¯',
  `areaAddress` varchar(32) DEFAULT NULL COMMENT 'ç”¨æˆ·åœ°å€ï¼ŒåŒºåŸŸåœ°å€',
  `detailAddress` varchar(512) DEFAULT NULL COMMENT 'ç”¨æˆ·è¯¦ç»†åœ°å€',
  `postcode` varchar(6) DEFAULT NULL COMMENT 'ç”¨æˆ·é‚®æ”¿ç¼–ç ',
  `qq` varchar(16) DEFAULT NULL,
  `email` varchar(32) DEFAULT NULL COMMENT 'ç”¨æˆ·é‚®ç®±',
  `userState` varchar(32) DEFAULT NULL COMMENT 'ç”¨æˆ·çš„çŠ¶æ€ï¼Œæ˜¯å¦å¯ç”¨',
  `userType` varchar(32) DEFAULT NULL COMMENT 'ä¸€èˆ¬é‡‡è´­ç”¨æˆ·-0ï¼›ä¼ä¸šé‡‡è´­ç”¨æˆ·-1ï¼›åå°ç•Œé¢-2',
  `registerTime` datetime DEFAULT NULL COMMENT 'æ³¨å†Œæ—¶é—´',
  `point` bigint(20) DEFAULT NULL COMMENT 'ç§¯åˆ†',
  `member` varchar(32) DEFAULT NULL COMMENT 'ä¼šå‘˜ç­‰çº§ï¼Œä»å­—å…¸ä¸­è¯»å–',
  `sex` varchar(32) DEFAULT NULL COMMENT 'ç”¨æˆ·æ€§åˆ«ï¼Œä»å­—å…¸è¯»å–',
  PRIMARY KEY (`id`),
  KEY `FK_user_department` (`departmentId`),
  KEY `FK_user_role` (`roleId`)
) ENGINE=MyISAM DEFAULT CHARSET=utf8 COMMENT='ä¸€èˆ¬ç”¨æˆ·è¡¨/ä¼ä¸šç”¨æˆ·è¡¨/ç®¡ç†å‘˜';

--
-- è½¬å­˜è¡¨ä¸­çš„æ•°æ® `zsyj_websiteuser`
--

INSERT INTO `zsyj_websiteuser` (`id`, `departmentId`, `roleId`, `username`, `password`, `truename`, `mobilephone`, `tellphone`, `areaAddress`, `detailAddress`, `postcode`, `qq`, `email`, `userState`, `userType`, `registerTime`, `point`, `member`, `sex`) VALUES
('zsyj56efb466b6ef93zsyj25955295', 'zsyj56ff3bf461b2d1zsyj97161727', 'zsyj56f9625f628235zsyj85977534', 'lq', 'f36b63f4ca5d8a47097f5c0b69d9d306', 'åˆ˜ç¿˜', '12345678906', NULL, NULL, NULL, NULL, NULL, NULL, '0', '2', NULL, NULL, NULL, '0'),
('zsyj56efb44f3e3f25zsyj99652025', 'zsyj5706180734b523zsyj32715678', 'zsyj56f9625f628235zsyj85977534', 'xfk', '1f82c942befda29b6ed487a51da199f78fce7f05', 'å¾æ–¹å‡¯', '12345678909', NULL, NULL, NULL, NULL, NULL, NULL, '1', '2', NULL, NULL, NULL, '0'),
('zsyj56efb43a0399b1zsyj99326152', 'zsyj56ff3bf461b2d1zsyj97161727', '', 'lla', '1f82c942befda29b6ed487a51da199f78fce7f05', 'æç½—å¥¥', '12333334444', NULL, NULL, NULL, '1', NULL, '911430818@qq.com', '1', '2', NULL, NULL, NULL, '0'),
('zsyj56efaa2ec20398zsyj96176859', 'zsyj56ff3bf461b2d1zsyj97161727', '', 'ly', '7c4a8d09ca3762af61e59520943dc26494f8941b', 'æŸ³ç‘¶', '15527931998', NULL, NULL, NULL, NULL, NULL, 'nutpea@qq.com', '1', '2', NULL, NULL, NULL, '0'),
('zsyj5714bb9cb57dc8zsyj61986435', NULL, NULL, 'lzlz', '7c4a8d09ca3762af61e59520943dc26494f8941b', 'åˆ˜æ”¿', '15071214632', NULL, NULL, NULL, NULL, NULL, '395417752@qq.com', '1', '0', '2016-04-18 18:49:00', 100, '1', '0'),
('zsyj5714828d9a1974zsyj95136279', NULL, NULL, 'æ—é’¢', 'b445f900ed58339d1bcb29fb4ef4e59b447d0cd4', 'æ—é’¢', '13407155419', NULL, NULL, NULL, NULL, NULL, '911430818@qq.com', '1', '0', '2016-04-18 14:45:33', 100, '1', '0'),
('zsyj57065bd820ef29zsyj87738190', NULL, NULL, 'lg', '7a7be6101b8423613d66e79c46410def22109922', 'æ—é’¢', '13978969586', NULL, NULL, NULL, '438631', NULL, '506140058@qq.com', '1', '0', '2016-04-07 21:08:40', 11, '2', '0'),
('zsyj5705d7bd321248zsyj52535638', NULL, NULL, '888', 'f36b63f4ca5d8a47097f5c0b69d9d306', 'haha', '13564587845', NULL, 'hahh', 'ä¾›çƒ­ä¸ªäºº', '441333', NULL, '1212344586@qq.com', '1', '0', '2016-04-07 11:45:01', 8888888888, '0', '0'),
('zsyj5709bf9d053735zsyj02942813', NULL, NULL, 'åˆ˜æ°ä¼ä¸š', 'f36b63f4ca5d8a47097f5c0b69d9d306', 'undefined', '13596874525', NULL, NULL, 'æ­¦æ±‰å·¥å•†å­¦é™¢', '441333', NULL, '1414311246@qq.com', '1', '1', NULL, 100, '1', NULL),
('zsyj570663497c58b6zsyj81058586', NULL, NULL, 'lz', 'cfcd208495d565ef66e7dff9f98764da', NULL, '1501214632', NULL, NULL, NULL, '', NULL, '395417752@qq.com', '1', '0', '2016-04-07 21:40:25', NULL, NULL, '0'),
('zsyj57086fa1462e38zsyj13460144', NULL, NULL, 'zx', 'cfcd208495d565ef66e7dff9f98764da', 'zx', '11011011011', NULL, NULL, NULL, NULL, NULL, NULL, '0', '2', NULL, NULL, '0', '0'),
('zsyj571391ea6b9b55zsyj06487457', NULL, 'zsyj56f961a48c16d4zsyj97629372', 'lg1', '7c4a8d09ca3762af61e59520943dc26494f8941b', 'æ—é’¢', '15527931997', NULL, NULL, NULL, NULL, NULL, NULL, '1', '2', NULL, NULL, NULL, '0'),
('zsyj5709c25f254af6zsyj52343757', NULL, NULL, 'å¾æ°ä¼ä¸š', 'f36b63f4ca5d8a47097f5c0b69d9d306', 'undefined', '13598745214', NULL, NULL, '', NULL, NULL, '', '1', '1', '2016-04-10 11:02:55', 8888, '0', NULL),
('zsyj57144c24890cd8zsyj20843405', NULL, NULL, 'dk1', '7c4a8d09ca3762af61e59520943dc26494f8941b', 'é‚“åŠ›å‡', '13432145678', NULL, NULL, NULL, '', NULL, '745166072qq.com', '1', '0', '2016-04-18 10:53:24', 100, '1', '0'),
('zsyj57074fc010c7b3zsyj02980968', NULL, NULL, 'a', '135d5e575a28de413b4ff2312839cc0d90fd0e46', 'å“ˆ', '13578945632', NULL, NULL, NULL, '', NULL, '1315241582@qq.com', '1', '0', '2016-04-08 14:29:20', NULL, NULL, '0'),
('zsyj57122fabc83888zsyj41239619', NULL, NULL, 'ly', '854d6fae5ee42911677c739ee1734486', 'æŸ³ç‘¶', '15527931998', NULL, NULL, NULL, NULL, NULL, 'nutpea@qq.com', '1', '0', '2016-04-16 20:27:23', NULL, '0', '0');

/*!40101 SET CHARACTER_SET_CLIENT=@OLD_CHARACTER_SET_CLIENT */;
/*!40101 SET CHARACTER_SET_RESULTS=@OLD_CHARACTER_SET_RESULTS */;
/*!40101 SET COLLATION_CONNECTION=@OLD_COLLATION_CONNECTION */;
